CREATE DATABASE  IF NOT EXISTS `e-project` /*!40100 DEFAULT CHARACTER SET utf8mb4 COLLATE utf8mb4_unicode_ci */ /*!80016 DEFAULT ENCRYPTION='N' */;
USE `e-project`;
-- MySQL dump 10.13  Distrib 8.0.31, for Win64 (x86_64)
--
-- Host: 127.0.0.1    Database: e-project
-- ------------------------------------------------------
-- Server version	8.0.16

/*!40101 SET @OLD_CHARACTER_SET_CLIENT=@@CHARACTER_SET_CLIENT */;
/*!40101 SET @OLD_CHARACTER_SET_RESULTS=@@CHARACTER_SET_RESULTS */;
/*!40101 SET @OLD_COLLATION_CONNECTION=@@COLLATION_CONNECTION */;
/*!50503 SET NAMES utf8 */;
/*!40103 SET @OLD_TIME_ZONE=@@TIME_ZONE */;
/*!40103 SET TIME_ZONE='+00:00' */;
/*!40014 SET @OLD_UNIQUE_CHECKS=@@UNIQUE_CHECKS, UNIQUE_CHECKS=0 */;
/*!40014 SET @OLD_FOREIGN_KEY_CHECKS=@@FOREIGN_KEY_CHECKS, FOREIGN_KEY_CHECKS=0 */;
/*!40101 SET @OLD_SQL_MODE=@@SQL_MODE, SQL_MODE='NO_AUTO_VALUE_ON_ZERO' */;
/*!40111 SET @OLD_SQL_NOTES=@@SQL_NOTES, SQL_NOTES=0 */;

--
-- Table structure for table `admins`
--

DROP TABLE IF EXISTS `admins`;
/*!40101 SET @saved_cs_client     = @@character_set_client */;
/*!50503 SET character_set_client = utf8mb4 */;
CREATE TABLE `admins` (
  `ID` int(11) NOT NULL AUTO_INCREMENT,
  `name` varchar(100) DEFAULT NULL,
  `email` varchar(100) DEFAULT NULL,
  `password` text,
  `updated_at` timestamp(6) NULL DEFAULT NULL,
  `created_at` timestamp(6) NULL DEFAULT NULL,
  PRIMARY KEY (`ID`)
) ENGINE=InnoDB AUTO_INCREMENT=4 DEFAULT CHARSET=utf8mb4 COLLATE=utf8mb4_unicode_ci;
/*!40101 SET character_set_client = @saved_cs_client */;

--
-- Dumping data for table `admins`
--

LOCK TABLES `admins` WRITE;
/*!40000 ALTER TABLE `admins` DISABLE KEYS */;
INSERT INTO `admins` VALUES (1,'dung dep trai','dung113412@gmail.com','$2y$10$5HKgmvikE1JJWf9t3OlVUOl03oOc0owPiPb5FeLOpp70J6AA1.uIS','2022-12-21 11:24:19.000000','2022-12-21 11:24:19.000000'),(2,'dung ngo manh','endenisloveendenislife1999@gmail.com','$2y$10$sJyIK/Yt9e.5bpY4CFs5MOI8V58qpnSOjcZxdlYB9lPu/cJCLP6Am','2023-01-06 06:44:01.000000','2023-01-06 06:44:01.000000'),(3,'dung','asd@gmail.com','$2y$10$agJHi7lxYgwHS1oy5K8b..5iasl9./u8KbVDJB8CwLpKmtbqdWova','2023-03-30 07:18:55.000000','2023-03-30 07:18:55.000000');
/*!40000 ALTER TABLE `admins` ENABLE KEYS */;
UNLOCK TABLES;

--
-- Table structure for table `brand_collections`
--

DROP TABLE IF EXISTS `brand_collections`;
/*!40101 SET @saved_cs_client     = @@character_set_client */;
/*!50503 SET character_set_client = utf8mb4 */;
CREATE TABLE `brand_collections` (
  `ID` int(11) NOT NULL AUTO_INCREMENT,
  `Before_Hover_IMG` text,
  `After_Hover_IMG` text,
  `IMG` text,
  `Tittle` text,
  `Brand_ID` int(11) NOT NULL,
  `updated_at` timestamp(6) NULL DEFAULT NULL,
  `created_at` timestamp(6) NULL DEFAULT NULL,
  PRIMARY KEY (`ID`),
  KEY `Brand_ID_FK_idx` (`Brand_ID`),
  CONSTRAINT `Brand_ID_FK` FOREIGN KEY (`Brand_ID`) REFERENCES `brands` (`ID`)
) ENGINE=InnoDB AUTO_INCREMENT=5 DEFAULT CHARSET=utf8mb4 COLLATE=utf8mb4_unicode_ci;
/*!40101 SET character_set_client = @saved_cs_client */;

--
-- Dumping data for table `brand_collections`
--

LOCK TABLES `brand_collections` WRITE;
/*!40000 ALTER TABLE `brand_collections` DISABLE KEYS */;
INSERT INTO `brand_collections` VALUES (1,'https://res.cloudinary.com/dca0effsq/image/upload/v1671217961/Collection/brandCollection/chanel/Chanel-Summer-2020-Bag_bsbd8w.jpg','https://res.cloudinary.com/dca0effsq/image/upload/v1671217960/Collection/brandCollection/chanel/Bag-Chanel-Summer-Trends-2020_e0sx83.jpg','https://res.cloudinary.com/dca0effsq/image/upload/v1671217961/Collection/brandCollection/chanel/kisspng-chanel-no-5-coco-designer-fashion-5b3814a67e60a8.5145910415304019585177_miqn5y.png','Chanel',1,NULL,NULL),(2,'https://res.cloudinary.com/dca0effsq/image/upload/v1671217961/Collection/brandCollection/dior/Dior-Fall-2020-Runway-Bag-Collection_gkooo5.jpg','https://res.cloudinary.com/dca0effsq/image/upload/v1671217961/Collection/brandCollection/dior/Dior-Fall-2020-Runway-Bag-Collection-5_mpoblt.jpg','https://res.cloudinary.com/dca0effsq/image/upload/v1671217960/Collection/brandCollection/dior/kisspng-christian-dior-se-parfums-christian-dior-miss-dior-cognitive-5b2e17476580a9.5535051615297472714158_dyapoi.png','Dior',2,NULL,NULL),(3,'https://res.cloudinary.com/dca0effsq/image/upload/v1671217965/Collection/brandCollection/gucci/original_flkfqb.jpg','https://res.cloudinary.com/dca0effsq/image/upload/v1671217961/Collection/brandCollection/gucci/63aeece630d8df78acf77978c2161515_ndrhjs.jpg','https://res.cloudinary.com/dca0effsq/image/upload/v1671217961/Collection/brandCollection/gucci/kisspng-gucci-milan-fashion-week-italian-fashion-logo-logo-gucci-5b23156f47e071.8334917815290259032944_iq2zsd.png','Gucci',3,NULL,NULL),(4,'https://res.cloudinary.com/dca0effsq/image/upload/v1671217966/Collection/brandCollection/LV/W_Fa_Wild_at_Heart_V4_nvrau0.png','https://res.cloudinary.com/dca0effsq/image/upload/v1671217964/Collection/brandCollection/LV/W_Fa_Wild_at_Heart_V2_ookggk.png','https://res.cloudinary.com/dca0effsq/image/upload/v1671217962/Collection/brandCollection/LV/kisspng-lvmh-brand-logo-clothing-fashion-logo-gucci-5b492e7b831ea3.3283494915315226835371_oe2mim.png','Louis Vuitton',4,NULL,NULL);
/*!40000 ALTER TABLE `brand_collections` ENABLE KEYS */;
UNLOCK TABLES;

--
-- Table structure for table `brands`
--

DROP TABLE IF EXISTS `brands`;
/*!40101 SET @saved_cs_client     = @@character_set_client */;
/*!50503 SET character_set_client = utf8mb4 */;
CREATE TABLE `brands` (
  `ID` int(11) NOT NULL AUTO_INCREMENT,
  `Name` text,
  `Logo` text,
  `Information` text,
  `Code` text,
  `Slug` text,
  `updated_at` timestamp(6) NULL DEFAULT NULL,
  `created_at` timestamp(6) NULL DEFAULT NULL,
  PRIMARY KEY (`ID`)
) ENGINE=InnoDB AUTO_INCREMENT=5 DEFAULT CHARSET=utf8mb4 COLLATE=utf8mb4_unicode_ci;
/*!40101 SET character_set_client = @saved_cs_client */;

--
-- Dumping data for table `brands`
--

LOCK TABLES `brands` WRITE;
/*!40000 ALTER TABLE `brands` DISABLE KEYS */;
INSERT INTO `brands` VALUES (1,'Chanel','https://res.cloudinary.com/dca0effsq/image/upload/v1671217961/Collection/brandCollection/chanel/kisspng-chanel-no-5-coco-designer-fashion-5b3814a67e60a8.5145910415304019585177_miqn5y.png','Chanel is a French high-end luxury fashion house founded in 1910 by Coco Chanel in Paris. Chanel specializes in women\'s ready-to-wear, luxury goods, and accessories[3] and licenses its name and branding to Luxottica for eyewear.[4] Chanel is well known for its No. 5 perfume and \"Chanel Suit\".[5] Chanel is credited for revolutionizing haute couture and ready-to-wear by replacing structured, corseted silhouettes with more functional garments that women still found flattering.[6]','C','Chanel',NULL,NULL),(2,'Dior','https://res.cloudinary.com/dca0effsq/image/upload/v1671217960/Collection/brandCollection/dior/kisspng-christian-dior-se-parfums-christian-dior-miss-dior-cognitive-5b2e17476580a9.5535051615297472714158_dyapoi.png','Christian Dior SE commonly known as Dior (stylized DIOR), is a French luxury fashion house controlled and chaired by French businessman Bernard Arnault, who also heads LVMH, the world\'s largest luxury group. Dior itself holds 42.36% shares of and 59.01% voting rights within LVMH.[7][8]','D','Dior',NULL,NULL),(3,'Louis Vuitton','https://res.cloudinary.com/dca0effsq/image/upload/v1671217962/Collection/brandCollection/LV/kisspng-lvmh-brand-logo-clothing-fashion-logo-gucci-5b492e7b831ea3.3283494915315226835371_oe2mim.png','Louis Vuitton Malletier, commonly known as Louis Vuitton (/luːˈiː vɪˈtɒn/ (listen), French: [lwi vɥitɔ̃] (listen)), is a French high-end luxury fashion house and company founded in 1854 by Louis Vuitton.[1] The label\'s LV monogram appears on most of its products, ranging from luxury bags and leather goods to ready-to-wear, shoes, watches, jewelry, accessories, sunglasses and books. Louis Vuitton is one of the world\'s leading international fashion houses. It sells its products through standalone boutiques, lease departments in high-end departmental stores, and through the e-commerce section of its website.[4][5]','LV','Louis-Vuitton',NULL,NULL),(4,'Gucci','https://res.cloudinary.com/dca0effsq/image/upload/v1671217961/Collection/brandCollection/gucci/kisspng-gucci-milan-fashion-week-italian-fashion-logo-logo-gucci-5b23156f47e071.8334917815290259032944_iq2zsd.png','Gucci, GOO-chee; Italian pronunciation: is an Italian high-end luxury fashion house based in Florence, Italy. Its product lines include handbags, ready-to-wear, footwear, accessories, and home decoration; and it licenses its name and branding to Coty, Inc. for fragrance and cosmetics under the name Gucci Beauty.[4]Gucci was founded in 1921 by Guccio Gucci (1881–1953) in Florence, Tuscany. Under the direction of Aldo Gucci (son of Guccio), Gucci became a worldwide-known brand, an icon of the Italian Dolce Vita. Following family feuds during the 1980s, the Gucci family was entirely ousted from the capital of the company by 1993. After this crisis, the brand was revived with a provocative \'Porno Chic\' props. In 1999, Gucci was acquired by the French conglomerate Pinault Printemps Redoute, which later became Kering. During the 2010s, Gucci became an iconic \'geek-chic\' brand.','G','Gucci',NULL,NULL);
/*!40000 ALTER TABLE `brands` ENABLE KEYS */;
UNLOCK TABLES;

--
-- Table structure for table `carts`
--

DROP TABLE IF EXISTS `carts`;
/*!40101 SET @saved_cs_client     = @@character_set_client */;
/*!50503 SET character_set_client = utf8mb4 */;
CREATE TABLE `carts` (
  `ID` int(11) NOT NULL AUTO_INCREMENT,
  `Product_quantity` int(11) DEFAULT NULL,
  `Customer_ID` int(11) DEFAULT NULL,
  `Product_Detail_ID` int(11) DEFAULT NULL,
  `updated_at` timestamp(6) NULL DEFAULT NULL,
  `created_at` timestamp(6) NULL DEFAULT NULL,
  PRIMARY KEY (`ID`),
  KEY `Customer_ID_FK_idx` (`Customer_ID`),
  KEY `Product_Detail_ID_idx` (`Product_Detail_ID`),
  CONSTRAINT `Customer_ID_FK` FOREIGN KEY (`Customer_ID`) REFERENCES `users` (`id`),
  CONSTRAINT `Product_Detail_ID` FOREIGN KEY (`Product_Detail_ID`) REFERENCES `product_details` (`ID`)
) ENGINE=InnoDB AUTO_INCREMENT=238 DEFAULT CHARSET=utf8mb4 COLLATE=utf8mb4_unicode_ci;
/*!40101 SET character_set_client = @saved_cs_client */;

--
-- Dumping data for table `carts`
--

LOCK TABLES `carts` WRITE;
/*!40000 ALTER TABLE `carts` DISABLE KEYS */;
INSERT INTO `carts` VALUES (223,1,11,12,NULL,'2023-01-07 06:34:12.000000'),(224,1,11,8,NULL,'2023-01-07 06:35:34.000000'),(229,1,11,44,NULL,'2023-01-07 07:14:57.000000'),(233,1,8,34,NULL,'2023-01-30 07:30:02.000000'),(234,1,8,40,NULL,'2023-01-30 07:31:55.000000'),(237,1,13,48,NULL,'2023-03-30 07:16:11.000000');
/*!40000 ALTER TABLE `carts` ENABLE KEYS */;
UNLOCK TABLES;

--
-- Table structure for table `categories`
--

DROP TABLE IF EXISTS `categories`;
/*!40101 SET @saved_cs_client     = @@character_set_client */;
/*!50503 SET character_set_client = utf8mb4 */;
CREATE TABLE `categories` (
  `ID` int(11) NOT NULL AUTO_INCREMENT,
  `Name` text,
  `Code` varchar(50) DEFAULT NULL,
  `Slug` text,
  `updated_at` timestamp(6) NULL DEFAULT NULL,
  `created_at` timestamp(6) NULL DEFAULT NULL,
  PRIMARY KEY (`ID`)
) ENGINE=InnoDB AUTO_INCREMENT=17 DEFAULT CHARSET=utf8mb4 COLLATE=utf8mb4_unicode_ci;
/*!40101 SET character_set_client = @saved_cs_client */;

--
-- Dumping data for table `categories`
--

LOCK TABLES `categories` WRITE;
/*!40000 ALTER TABLE `categories` DISABLE KEYS */;
INSERT INTO `categories` VALUES (1,'Card Holder','CH','Card-Holder',NULL,NULL),(2,'Chain And Strap Wallets','CASW','Chain-And-Strap-Wallet',NULL,NULL),(3,'Long Wallet','LV','Long-Wallet',NULL,NULL),(4,'Small Wallet','SW','Small-Wallet',NULL,NULL);
/*!40000 ALTER TABLE `categories` ENABLE KEYS */;
UNLOCK TABLES;

--
-- Table structure for table `codes`
--

DROP TABLE IF EXISTS `codes`;
/*!40101 SET @saved_cs_client     = @@character_set_client */;
/*!50503 SET character_set_client = utf8mb4 */;
CREATE TABLE `codes` (
  `ID` int(11) NOT NULL AUTO_INCREMENT,
  `Code` text,
  `Discount` text,
  `updated_at` timestamp(6) NULL DEFAULT NULL,
  `created_at` timestamp(6) NULL DEFAULT NULL,
  `Date_Start` date DEFAULT NULL,
  `Date_End` date DEFAULT NULL,
  `Status` varchar(10) DEFAULT NULL,
  `Temporary` text,
  PRIMARY KEY (`ID`)
) ENGINE=InnoDB AUTO_INCREMENT=30 DEFAULT CHARSET=utf8mb4 COLLATE=utf8mb4_unicode_ci;
/*!40101 SET character_set_client = @saved_cs_client */;

--
-- Dumping data for table `codes`
--

LOCK TABLES `codes` WRITE;
/*!40000 ALTER TABLE `codes` DISABLE KEYS */;
INSERT INTO `codes` VALUES (1,'bananhkhoa','15','2023-03-30 07:19:18.000000',NULL,'2022-12-30','2023-01-30','Off',NULL),(3,'bananhdung','17',NULL,NULL,NULL,NULL,'Off',NULL),(4,'bananhkhanh','18',NULL,NULL,NULL,NULL,'Off',NULL),(5,'bananhlam','20',NULL,NULL,NULL,NULL,'Off',NULL),(6,'123123','20','2023-03-30 07:19:18.000000','2023-01-02 13:11:07.000000','2023-01-02','2023-01-03','Off',NULL),(7,'9225T7825562154','5','2023-03-30 07:19:18.000000','2023-01-04 13:20:25.000000','2023-01-03','2023-01-03','Off','Temporary'),(8,'02344217U084982','4','2023-03-30 07:19:18.000000','2023-01-04 14:08:53.000000','2023-01-03','2023-01-03','Off','Temporary'),(9,'5334765735965Z7','5','2023-03-30 07:19:18.000000','2023-01-04 14:13:59.000000','2023-01-04','2023-01-18','Off','Temporary'),(10,'996281V45995432','1','2023-03-30 07:19:18.000000','2023-01-04 14:29:01.000000','2023-01-04','2023-01-18','Off','Temporary'),(11,'072787869E79527','1','2023-03-30 07:19:18.000000','2023-01-04 14:29:07.000000','2023-01-04','2023-01-18','Off','Temporary'),(12,'92409079J748971','1','2023-03-30 07:19:18.000000','2023-01-04 14:29:35.000000','2023-01-04','2023-01-18','Off','Temporary'),(13,'85366835321854K','2','2023-03-30 07:19:18.000000','2023-01-04 14:45:11.000000','2023-01-04','2023-01-18','Off','Temporary'),(14,'920D57590676373','5','2023-03-30 07:19:18.000000','2023-01-04 14:48:56.000000','2023-01-04','2023-01-18','Off','Temporary'),(15,'14644446963S221','3','2023-03-30 07:19:18.000000','2023-01-05 06:26:31.000000','2023-01-05','2023-01-19','Off','Temporary'),(16,'4336177151716P9','5','2023-03-30 07:19:18.000000','2023-01-05 06:27:50.000000','2023-01-05','2023-01-19','Off','Temporary'),(17,'8983X9665665413','13','2023-03-30 07:19:18.000000','2023-01-05 06:39:06.000000','2023-01-05','2023-01-19','Off','Temporary'),(18,'144352V98645117','13','2023-03-30 07:19:18.000000','2023-01-05 06:39:11.000000','2023-01-05','2023-01-19','Off','Temporary'),(19,'10895364M764028','13','2023-03-30 07:19:18.000000','2023-01-05 06:39:14.000000','2023-01-05','2023-01-19','Off','Temporary'),(20,'645048L76134522','13','2023-03-30 07:19:18.000000','2023-01-05 06:39:17.000000','2023-01-05','2023-01-19','Off','Temporary'),(21,'7D2410434492152','13','2023-03-30 07:19:18.000000','2023-01-05 06:39:29.000000','2023-01-05','2023-01-19','Off','Temporary'),(22,'5152958Z2390981','5','2023-03-30 07:19:18.000000','2023-01-05 06:42:29.000000','2023-01-05','2023-01-19','Off','Temporary'),(23,'51247986A332669','4','2023-03-30 07:19:18.000000','2023-01-06 03:10:36.000000','2023-01-06','2023-01-20','Off','Temporary'),(24,'56L060768863726','9','2023-03-30 07:19:18.000000','2023-01-06 03:11:14.000000','2023-01-06','2023-01-20','Off','Temporary'),(25,'8949U1809456401','11','2023-03-30 07:19:18.000000','2023-01-06 07:02:38.000000','2023-01-05','2023-01-05','Off','Temporary'),(26,'emchushop','45','2023-03-30 07:19:18.000000','2023-01-07 05:12:34.000000','2023-01-06','2023-01-06','Off','Temporary'),(27,'emchushop1','45','2023-03-30 07:19:18.000000','2023-01-07 05:13:28.000000','2023-01-07','2023-01-07','Off',NULL),(28,'abc','10','2023-03-30 07:19:18.000000','2023-01-30 07:33:05.000000','2023-01-30','2023-03-30','On','Temporary'),(29,'12680083P822042','1','2023-03-30 07:19:18.000000','2023-03-30 07:16:44.000000','2023-03-30','2023-04-13','On','Temporary');
/*!40000 ALTER TABLE `codes` ENABLE KEYS */;
UNLOCK TABLES;

--
-- Table structure for table `orders`
--

DROP TABLE IF EXISTS `orders`;
/*!40101 SET @saved_cs_client     = @@character_set_client */;
/*!50503 SET character_set_client = utf8mb4 */;
CREATE TABLE `orders` (
  `Code` varchar(250) DEFAULT NULL,
  `Customer_ID` int(11) DEFAULT NULL,
  `Shop_ID` int(11) DEFAULT NULL,
  `Code_ID` int(11) DEFAULT NULL,
  `Location` text,
  `Payment_ID` int(11) DEFAULT NULL,
  `Status` varchar(50) DEFAULT NULL,
  `created_at` timestamp NULL DEFAULT NULL,
  `updated_at` timestamp NULL DEFAULT NULL,
  `ID` int(11) NOT NULL AUTO_INCREMENT,
  `Total_Paid` float DEFAULT NULL,
  PRIMARY KEY (`ID`)
) ENGINE=InnoDB AUTO_INCREMENT=58 DEFAULT CHARSET=utf8mb4 COLLATE=utf8mb4_unicode_ci;
/*!40101 SET character_set_client = @saved_cs_client */;

--
-- Dumping data for table `orders`
--

LOCK TABLES `orders` WRITE;
/*!40000 ALTER TABLE `orders` DISABLE KEYS */;
INSERT INTO `orders` VALUES ('OD9168',8,NULL,1,'thanh hoa',1,'Done','2023-01-06 06:55:05','2023-01-06 06:55:29',45,4254.25),('OD9604',8,NULL,1,'thanh hoa',1,'Cancel','2023-01-06 06:56:15',NULL,46,2018.75),('OD1860',8,NULL,25,'thanh hoa',1,'Done','2023-01-06 07:03:18','2023-01-07 04:24:12',47,2629.95),('OD9471',8,NULL,1,'thanh hoa',1,'Done','2023-01-07 04:23:36','2023-01-07 04:24:04',48,3533.45),('OD1522',8,NULL,1,'hanoi',1,'Cancel','2023-01-07 04:51:16','2023-01-07 05:23:35',49,22049.8),('OD9139',9,NULL,26,'thanh hoa',1,'Pending','2023-01-07 05:15:35',NULL,50,6253.5),('OD2540',10,NULL,NULL,'nghe an',1,'Cancel','2023-01-07 05:19:15',NULL,51,5318),('OD4165',10,NULL,NULL,'hai phong',1,'Cancel','2023-01-07 05:20:01',NULL,52,2375),('OD3128',10,NULL,27,'ho chi minh',1,'Pending','2023-01-07 05:22:24',NULL,53,7227),('OD2409',11,NULL,NULL,'Ha Noi',1,'Pending','2023-01-07 05:31:48',NULL,54,15243),('OD8911',12,NULL,NULL,'Ha Dong Ha Noi',1,'Pending','2023-01-07 05:35:26',NULL,55,19634),('OD4903',8,NULL,NULL,'hanoi',1,'Cancel','2023-01-30 07:28:29',NULL,56,8692),('OD5138',13,NULL,NULL,'thanh hoa',1,'Cancel','2023-03-30 07:15:42',NULL,57,1640);
/*!40000 ALTER TABLE `orders` ENABLE KEYS */;
UNLOCK TABLES;

--
-- Table structure for table `orders_details`
--

DROP TABLE IF EXISTS `orders_details`;
/*!40101 SET @saved_cs_client     = @@character_set_client */;
/*!50503 SET character_set_client = utf8mb4 */;
CREATE TABLE `orders_details` (
  `ID` int(11) NOT NULL AUTO_INCREMENT,
  `Product_Detail_ID` int(11) DEFAULT NULL,
  `Quantity` int(11) DEFAULT NULL,
  `Price` decimal(10,0) DEFAULT NULL,
  `Order_ID` int(11) DEFAULT NULL,
  PRIMARY KEY (`ID`)
) ENGINE=InnoDB AUTO_INCREMENT=123 DEFAULT CHARSET=utf8mb4 COLLATE=utf8mb4_unicode_ci;
/*!40101 SET character_set_client = @saved_cs_client */;

--
-- Dumping data for table `orders_details`
--

LOCK TABLES `orders_details` WRITE;
/*!40000 ALTER TABLE `orders_details` DISABLE KEYS */;
INSERT INTO `orders_details` VALUES (60,48,1,850,45),(61,12,1,1200,45),(62,9,1,2950,45),(63,39,1,2370,46),(64,9,1,2950,47),(65,16,2,1376,48),(66,73,1,550,48),(67,49,1,850,48),(68,39,5,2370,49),(69,9,1,2950,49),(70,51,1,785,49),(71,15,1,1289,49),(72,40,1,2370,49),(73,58,1,1050,49),(74,63,1,1800,49),(75,70,1,1200,49),(76,24,1,1642,49),(77,28,1,1000,49),(78,9,1,2950,50),(79,57,1,1050,50),(80,63,1,1800,50),(81,67,1,1150,50),(82,70,1,1200,50),(83,69,1,620,50),(84,41,1,1760,50),(85,43,1,835,50),(86,54,1,1010,51),(87,57,1,1050,51),(88,63,1,1800,51),(89,66,0,1100,51),(90,69,1,620,51),(91,53,1,830,51),(92,40,1,2370,52),(93,50,0,785,52),(94,49,1,850,53),(95,15,1,1289,53),(96,1,1,500,53),(97,17,1,5339,53),(98,63,1,1800,53),(99,8,1,3350,53),(100,12,1,1200,54),(101,25,1,1642,54),(102,63,1,1800,54),(103,8,1,3350,54),(104,17,1,5339,54),(105,42,1,1900,54),(106,17,1,5339,55),(107,12,1,1200,55),(108,9,1,2950,55),(109,28,1,1000,55),(110,21,1,554,55),(111,32,1,910,55),(112,42,1,1900,55),(113,43,1,835,55),(114,66,1,1100,55),(115,25,1,1642,55),(116,26,1,1642,55),(117,73,1,550,55),(118,51,1,785,56),(119,50,1,785,56),(120,39,3,2370,56),(121,51,1,785,57),(122,48,1,850,57);
/*!40000 ALTER TABLE `orders_details` ENABLE KEYS */;
UNLOCK TABLES;

--
-- Table structure for table `payments`
--

DROP TABLE IF EXISTS `payments`;
/*!40101 SET @saved_cs_client     = @@character_set_client */;
/*!50503 SET character_set_client = utf8mb4 */;
CREATE TABLE `payments` (
  `ID` int(11) NOT NULL AUTO_INCREMENT,
  `Method` text,
  `Price` int(11) DEFAULT NULL,
  `updated_at` timestamp(6) NULL DEFAULT NULL,
  `created_at` timestamp(6) NULL DEFAULT NULL,
  PRIMARY KEY (`ID`)
) ENGINE=InnoDB AUTO_INCREMENT=8 DEFAULT CHARSET=utf8mb4 COLLATE=utf8mb4_unicode_ci;
/*!40101 SET character_set_client = @saved_cs_client */;

--
-- Dumping data for table `payments`
--

LOCK TABLES `payments` WRITE;
/*!40000 ALTER TABLE `payments` DISABLE KEYS */;
INSERT INTO `payments` VALUES (1,'Cash',1000,NULL,NULL),(2,'Cash',NULL,NULL,NULL),(3,'Cash',NULL,NULL,NULL),(4,'Cash',5405,NULL,'0000-00-00 00:00:00.000000'),(5,'Cash',5405,NULL,'0000-00-00 00:00:00.000000'),(6,'Cash',6555,NULL,'0000-00-00 00:00:00.000000'),(7,'Cash',6555,NULL,'0000-00-00 00:00:00.000000');
/*!40000 ALTER TABLE `payments` ENABLE KEYS */;
UNLOCK TABLES;

--
-- Table structure for table `product_details`
--

DROP TABLE IF EXISTS `product_details`;
/*!40101 SET @saved_cs_client     = @@character_set_client */;
/*!50503 SET character_set_client = utf8mb4 */;
CREATE TABLE `product_details` (
  `ID` int(11) NOT NULL AUTO_INCREMENT,
  `Import_Price` int(11) DEFAULT NULL,
  `Export_Price` int(11) DEFAULT NULL,
  `Sale_Price` int(11) DEFAULT NULL,
  `Main_IMG` text,
  `Slide_IMG_1` text,
  `Slide_IMG_2` text,
  `Information` text,
  `Material` text,
  `Color` varchar(45) DEFAULT NULL,
  `Size` text,
  `Code` text,
  `Slug` text,
  `Is_Trending` varchar(20) DEFAULT NULL,
  `Is_New_Arrivals` varchar(20) DEFAULT NULL,
  `Is_Feature` varchar(20) DEFAULT NULL,
  `Quantity` int(11) DEFAULT NULL,
  `Product_ID` int(11) NOT NULL,
  `Monthly_Orders` int(11) DEFAULT NULL,
  PRIMARY KEY (`ID`),
  KEY `Product_ID_FoKey_idx` (`Product_ID`),
  CONSTRAINT `Product_ID_FoKey` FOREIGN KEY (`Product_ID`) REFERENCES `products` (`ID`)
) ENGINE=InnoDB AUTO_INCREMENT=74 DEFAULT CHARSET=utf8mb4 COLLATE=utf8mb4_unicode_ci;
/*!40101 SET character_set_client = @saved_cs_client */;

--
-- Dumping data for table `product_details`
--

LOCK TABLES `product_details` WRITE;
/*!40000 ALTER TABLE `product_details` DISABLE KEYS */;
INSERT INTO `product_details` VALUES (1,300,500,NULL,'https://res.cloudinary.com/dca0effsq/image/upload/v1671115414/Purses/1%20Chanel/Cards%20Holder/1/blue/img/New%20folder/8855835639838_er3vuu.png','https://res.cloudinary.com/dca0effsq/image/upload/v1671115417/Purses/1%20Chanel/Cards%20Holder/1/blue/img/New%20folder/8855835541534_qsycxa.png','https://res.cloudinary.com/dca0effsq/image/upload/v1671115414/Purses/1%20Chanel/Cards%20Holder/1/blue/img/New%20folder/8855835574302_pfc3it.png','Card Holders of the Reorders collection','Lambskin, Gold-Tone, Silver-Tone & Ruthenium-Finish Metal','#BDC9C9','3.5 × 4.3 × 0.2 in (cm)','CCH001BE','CHANEL-19-CARD-HOLDER00','0','0','0',100,1,0),(2,300,500,NULL,'https://res.cloudinary.com/dca0effsq/image/upload/v1671115419/Purses/1%20Chanel/Cards%20Holder/1/yellow/img/New%20folder/9516401262622_nnkzyx.png','https://res.cloudinary.com/dca0effsq/image/upload/v1671115426/Purses/1%20Chanel/Cards%20Holder/1/yellow/img/New%20folder/9516420235294_kq5gdu.png','https://res.cloudinary.com/dca0effsq/image/upload/v1671115419/Purses/1%20Chanel/Cards%20Holder/1/yellow/img/New%20folder/9516401328158_hszmbj.png','Card Holders of the Reorders collection','Lambskin, Gold-Tone, Silver-Tone & Ruthenium-Finish Metal','#E0CA74','3.5 × 4.3 × 0.2 in (cm)','CCH001Y','CHANEL-19-CARD-HOLDER01','0','New Arrivals','0',100,1,0),(3,425,625,NULL,'https://res.cloudinary.com/dca0effsq/image/upload/v1671115476/Purses/1%20Chanel/Cards%20Holder/2/gray/img/New%20folder/8855850778654_qa5qil.png','https://res.cloudinary.com/dca0effsq/image/upload/v1671115418/Purses/1%20Chanel/Cards%20Holder/2/gray/img/New%20folder/8855850811422_laxukw.png','https://res.cloudinary.com/dca0effsq/image/upload/v1671115415/Purses/1%20Chanel/Cards%20Holder/2/gray/img/New%20folder/8855850713118_y9dtc5.png','Card Holders of the Reorders collection','Lambskin, Gold-Tone, Silver-Tone & Ruthenium-Finish Metal','#B2ACA0','3.5 × 4.3 × 0.2 in (cm)','CCH002GY','CHANEL-19-FLAP-CARD-HOLDER02','0','0','0',100,2,0),(4,425,625,NULL,'https://res.cloudinary.com/dca0effsq/image/upload/v1671115475/Purses/1%20Chanel/Cards%20Holder/2/white/img/New%20folder/9516416958494_bygtqp.png','https://res.cloudinary.com/dca0effsq/image/upload/v1671115423/Purses/1%20Chanel/Cards%20Holder/2/white/img/New%20folder/9516425150494_ajk038.png','https://res.cloudinary.com/dca0effsq/image/upload/v1671115444/Purses/1%20Chanel/Cards%20Holder/2/white/img/New%20folder/9516431245342_izwyvx.png','Card Holders of the Reorders collection','Lambskin, Gold-Tone, Silver-Tone & Ruthenium-Finish Metal','#EEEEEC','3.5 × 4.3 × 0.2 in (cm)','CCH002W','CHANEL-19-FLAP-CARD-HOLDER03','0','New Arrivals','0',100,2,0),(5,325,525,NULL,'https://res.cloudinary.com/dca0effsq/image/upload/v1671115425/Purses/1%20Chanel/Cards%20Holder/3/img/New%20folder/9516742574110_lfl89n.png','https://res.cloudinary.com/dca0effsq/image/upload/v1671115423/Purses/1%20Chanel/Cards%20Holder/3/img/New%20folder/9516426035230_rmdx6o.png','https://res.cloudinary.com/dca0effsq/image/upload/v1671115437/Purses/1%20Chanel/Cards%20Holder/3/img/New%20folder/9516742606878_kcxgt8.png','Card Holders of the Reorders collection','Grained Calfskin & Gold-Tone Metal','#2E2E2E','3.5 × 4.3 × 0.2 in (cm)','CCH003BK','Zipped-Card-Holder04','0','0','0',100,3,0),(6,3300,3500,NULL,'https://res.cloudinary.com/dca0effsq/image/upload/v1671115480/Purses/1%20Chanel/Chain%20and%20Strap%20Wallets/1/black/img/New%20folder/8857819152414_lvrdf3.png','https://res.cloudinary.com/dca0effsq/image/upload/v1671115453/Purses/1%20Chanel/Chain%20and%20Strap%20Wallets/1/black/img/New%20folder/8857818923038_an9niu.png','https://res.cloudinary.com/dca0effsq/image/upload/v1671115427/Purses/1%20Chanel/Chain%20and%20Strap%20Wallets/1/black/img/New%20folder/8857818988574_qzwtna.png','Discover the featured creations of the latest collections. Wallets on chain · Clutches with chain','Wool Tweed, Gold-Tone, Silver-Tone & Ruthenium-Finish Metal','#1C1316','4.8 × 7.5 × 1.4 in (cm)','CCASW001BK','CHANEL-19-WALLET-ON-CHAIN05','0','New Arrivals','0',100,4,0),(7,3300,3500,NULL,'https://res.cloudinary.com/dca0effsq/image/upload/v1671115438/Purses/1%20Chanel/Chain%20and%20Strap%20Wallets/1/red/img/New%20folder/8857830817822_hutqnb.png','https://res.cloudinary.com/dca0effsq/image/upload/v1671115440/Purses/1%20Chanel/Chain%20and%20Strap%20Wallets/1/red/img/New%20folder/8857830752286_fh9pqc.png','https://res.cloudinary.com/dca0effsq/image/upload/v1671115438/Purses/1%20Chanel/Chain%20and%20Strap%20Wallets/1/red/img/New%20folder/8857830785054_a3m0fz.png','Discover the featured creations of the latest collections. Wallets on chain · Clutches with chain','Wool Tweed, Gold-Tone, Silver-Tone & Ruthenium-Finish Metal','#521F28','4.8 × 7.5 × 1.4 in (cm)','CCASW001R','CHANEL-19-WALLET-ON-CHAIN06','0','0',NULL,100,4,0),(8,3150,3350,NULL,'https://res.cloudinary.com/dca0effsq/image/upload/v1671115477/Purses/1%20Chanel/Chain%20and%20Strap%20Wallets/2/img/New%20folder/8857829703710_wq2oba.png','https://res.cloudinary.com/dca0effsq/image/upload/v1671115453/Purses/1%20Chanel/Chain%20and%20Strap%20Wallets/2/img/New%20folder/8857829670942_xornal.png','https://res.cloudinary.com/dca0effsq/image/upload/v1671115436/Purses/1%20Chanel/Chain%20and%20Strap%20Wallets/2/img/New%20folder/8857829638174_tvmd1d.png','Discover the featured creations of the latest collections. Wallets on chain · Clutches with chain','Lambskin, Enamel & Gold-Tone Metal','#B1465A','4.8 × 7.5 × 1.4 in (cm)','CCASW002R','WALLET-ON-CHAIN07','0','New Arrivals','0',100,5,0),(9,2750,2950,NULL,'https://res.cloudinary.com/dca0effsq/image/upload/v1671115416/Purses/1%20Chanel/Chain%20and%20Strap%20Wallets/3/black/img/New%20folder/8858227441694_hlh9qc.png','https://res.cloudinary.com/dca0effsq/image/upload/v1671115416/Purses/1%20Chanel/Chain%20and%20Strap%20Wallets/3/black/img/New%20folder/8853599944734_mvjjhz.png','https://res.cloudinary.com/dca0effsq/image/upload/v1671115425/Purses/1%20Chanel/Chain%20and%20Strap%20Wallets/3/black/img/New%20folder/8853593325598_tivhka.png','Discover the featured creations of the latest collections. Wallets on chain · Clutches with chain','Lambskin & Silver-Tone Metal','#212121','4.8 × 7.5 × 1.4 in (cm)','CCASW003BK','CLASSIC-WALLET-ON-CHAIN08','0','0','Feature',100,6,0),(10,2750,2950,NULL,'https://res.cloudinary.com/dca0effsq/image/upload/v1671115431/Purses/1%20Chanel/Chain%20and%20Strap%20Wallets/3/blue/img/New%20folder/8855839047710_tyczsp.png','https://res.cloudinary.com/dca0effsq/image/upload/v1671115442/Purses/1%20Chanel/Chain%20and%20Strap%20Wallets/3/blue/img/New%20folder/8855839080478_smbt5g.png','https://res.cloudinary.com/dca0effsq/image/upload/v1671115461/Purses/1%20Chanel/Chain%20and%20Strap%20Wallets/3/blue/img/New%20folder/8855839113246_kwevvw.png','Discover the featured creations of the latest collections. Wallets on chain · Clutches with chain','Lambskin & Silver-Tone Metal','#033D69','4.8 × 7.5 × 1.4 in (cm)','CCASW003BE','CLASSIC-WALLET-ON-CHAIN09','0','New Arrivals',NULL,100,6,0),(11,2750,2950,NULL,'https://res.cloudinary.com/dca0effsq/image/upload/v1671115439/Purses/1%20Chanel/Chain%20and%20Strap%20Wallets/3/yellow/img/New%20folder/9516408635422-removebg-preview_fzdzfz.png','https://res.cloudinary.com/dca0effsq/image/upload/v1671115455/Purses/1%20Chanel/Chain%20and%20Strap%20Wallets/3/yellow/img/New%20folder/9516408668190-removebg-preview_mujbpa.png','https://res.cloudinary.com/dca0effsq/image/upload/v1671115468/Purses/1%20Chanel/Chain%20and%20Strap%20Wallets/3/yellow/img/New%20folder/9516425936926-removebg-preview_tlt1fj.png','Discover the featured creations of the latest collections. Wallets on chain · Clutches with chain','Lambskin & Silver-Tone Metal','#D7C148','4.8 × 7.5 × 1.4 in (cm)','CCASW003Y','CLASSIC-WALLET-ON-CHAIN10','0','0',NULL,100,6,0),(12,1000,1200,NULL,'https://res.cloudinary.com/dca0effsq/image/upload/v1671115434/Purses/1%20Chanel/Long%20Wallet/1/black/img/New%20folder/8853590933534_gov3fc.png','https://res.cloudinary.com/dca0effsq/image/upload/v1671115432/Purses/1%20Chanel/Long%20Wallet/1/black/img/New%20folder/8853667020830_btbxow.png','https://res.cloudinary.com/dca0effsq/image/upload/v1671115417/Purses/1%20Chanel/Long%20Wallet/1/black/img/New%20folder/8853586575390_jvf2lh.png','Long Wallets of the Reorders collection: Classic Long Flap Wallet','Lambskin & Silver-Tone Metal','#404040','4.8 × 7.5 × 1.4 in (cm)','CLW001BK','CLASSIC-LONG-FLAP-WALLET11','0','New Arrivals','Feature',100,7,0),(13,1000,1200,NULL,'https://res.cloudinary.com/dca0effsq/image/upload/v1671115425/Purses/1%20Chanel/Long%20Wallet/1/brown/img/New%20folder/8857820758046_ubkauv.png','https://res.cloudinary.com/dca0effsq/image/upload/v1671115418/Purses/1%20Chanel/Long%20Wallet/1/brown/img/New%20folder/8857820856350_plijeo.png','https://res.cloudinary.com/dca0effsq/image/upload/v1671115441/Purses/1%20Chanel/Long%20Wallet/1/brown/img/New%20folder/8857820790814_wng50o.png','Long Wallets of the Reorders collection: Classic Long Flap Wallet','Lambskin & Silver-Tone Metal','#3F3538','4.8 × 7.5 × 1.4 in (cm)','CLW001BN','CLASSIC-LONG-FLAP-WALLET12','0','0','',100,7,0),(14,1000,1200,NULL,'https://res.cloudinary.com/dca0effsq/image/upload/v1671115417/Purses/1%20Chanel/Long%20Wallet/1/pink/img/New%20folder/8855844913182_drmomn.png','https://res.cloudinary.com/dca0effsq/image/upload/v1671115426/Purses/1%20Chanel/Long%20Wallet/1/pink/img/New%20folder/8855844847646_ugynne.png','https://res.cloudinary.com/dca0effsq/image/upload/v1671115455/Purses/1%20Chanel/Long%20Wallet/1/pink/img/New%20folder/8855844814878_nw4jow.png','Long Wallets of the Reorders collection: Classic Long Flap Wallet','Lambskin & Silver-Tone Metal','#C39D90','4.8 × 7.5 × 1.4 in (cm)','CLW001P','CLASSIC-LONG-FLAP-WALLET13','0','New Arrivals','',100,7,0),(15,1089,1289,NULL,'https://res.cloudinary.com/dca0effsq/image/upload/v1671115424/Purses/1%20Chanel/Long%20Wallet/2/img/New%20folder/8853676359710-removebg-preview_brwqal.png','https://res.cloudinary.com/dca0effsq/image/upload/v1671115424/Purses/1%20Chanel/Long%20Wallet/2/img/New%20folder/8853591359518-removebg-preview_kujnut.png','https://res.cloudinary.com/dca0effsq/image/upload/v1671115440/Purses/1%20Chanel/Long%20Wallet/2/img/New%20folder/8853667184670-removebg-preview_d671n2.png','Long Wallets of the Reorders collection: Classic Long Flap Wallet','Grained Calfskin & Gold-Tone Metal','#212121','4.8 × 7.5 × 1.4 in (cm)','CLW002BK','CLASSIC-LONG-ZIPPED-WALLET14','0','0','Feature',100,8,0),(16,1176,1376,NULL,'https://res.cloudinary.com/dca0effsq/image/upload/v1671115428/Purses/1%20Chanel/Long%20Wallet/3/img/New%20folder/8856728338462-removebg-preview_j1xh0h.png','https://res.cloudinary.com/dca0effsq/image/upload/v1671115417/Purses/1%20Chanel/Long%20Wallet/3/img/New%20folder/c_l6p4mv.png','https://res.cloudinary.com/dca0effsq/image/upload/v1671115440/Purses/1%20Chanel/Long%20Wallet/3/img/New%20folder/8856728698910-removebg-preview_iuhh9t.png','Long Wallets of the Reorders collection: Classic Long Flap Wallet','Lambskin','#212121','4.8 × 7.5 × 1.4 in (cm)','CLW003BK','BOY-CHANEL-Long-Flap-Wallet15','0','New Arrivals','Feature',100,9,0),(17,5139,5339,NULL,'https://res.cloudinary.com/dca0effsq/image/upload/v1671115417/Purses/1%20Chanel/Small%20Wallet/1/green/img/New%20folder/8857826525214-removebg-preview_raqjsp.png','https://res.cloudinary.com/dca0effsq/image/upload/v1671115463/Purses/1%20Chanel/Small%20Wallet/1/green/img/New%20folder/8857826394142-removebg-preview_xgnmjj.png','https://res.cloudinary.com/dca0effsq/image/upload/v1671115466/Purses/1%20Chanel/Small%20Wallet/1/green/img/New%20folder/8857826492446-removebg-preview_bsa6fm.png','Discover the first images and behind-the-scene of CHANEL latest fashion show','Fleece, Calfskin & Gold Plated Metal','#3A372A','4.8 × 7.5 × 1.4 in (cm)','CSW001GN','MESSENGER-BAG-BOY-CHANEL-SMALL-SIZE16','0','0','0',100,10,0),(18,5139,5339,NULL,'https://res.cloudinary.com/dca0effsq/image/upload/v1671115427/Purses/1%20Chanel/Small%20Wallet/1/red/img/New%20folder/8857827213342-removebg-preview_hfr7sc.png','https://res.cloudinary.com/dca0effsq/image/upload/v1671115472/Purses/1%20Chanel/Small%20Wallet/1/red/img/New%20folder/8857827672094-removebg-preview_uh7lb5.png','https://res.cloudinary.com/dca0effsq/image/upload/v1671115471/Purses/1%20Chanel/Small%20Wallet/1/red/img/New%20folder/8857827737630-removebg-preview_nor86v.png','Discover the first images and behind-the-scene of CHANEL latest fashion show','Fleece, Calfskin & Gold Plated Metal','#5F0C15','4.8 × 7.5 × 1.4 in (cm)','CSW001R','MESSENGER-BAG-BOY-CHANEL-SMALL-SIZE17','0','New Arrivals','0',100,10,0),(19,650,850,NULL,'https://res.cloudinary.com/dca0effsq/image/upload/v1671115421/Purses/1%20Chanel/Small%20Wallet/2/img/New%20folder/8857840058398-removebg-preview_yjkcbs.png','https://res.cloudinary.com/dca0effsq/image/upload/v1671115427/Purses/1%20Chanel/Small%20Wallet/2/img/New%20folder/8857840287774-removebg-preview_o7kjoj.png','https://res.cloudinary.com/dca0effsq/image/upload/v1671115417/Purses/1%20Chanel/Small%20Wallet/2/img/New%20folder/8857840255006-removebg-preview_clgwlc.png','Discover the first images and behind-the-scene of CHANEL latest fashion show','Lambskin & Gold-Tone Metal','#F2F5F7','2.9 × 4.7 × 1 in (cm)','CSW002P','Classic-Small-Flap-Wallet18 ','0','0',NULL,100,11,0),(20,800,1000,NULL,'https://res.cloudinary.com/dca0effsq/image/upload/v1671115418/Purses/1%20Chanel/Small%20Wallet/3/img/New%20folder/8857816039454-removebg-preview_poljvj.png','https://res.cloudinary.com/dca0effsq/image/upload/v1671115446/Purses/1%20Chanel/Small%20Wallet/3/img/New%20folder/8857816203294-removebg-preview_jygpph.png','https://res.cloudinary.com/dca0effsq/image/upload/v1671115424/Purses/1%20Chanel/Small%20Wallet/3/img/New%20folder/8857816006686-removebg-preview_w0jlfg.png','Discover the first images and behind-the-scene of CHANEL latest fashion show','Shiny Lambskin, Gold-Tone, Silver-Tone & Ruthenium-Finish Metal','#CD6781','2.9 × 4.7 × 1 in (cm)','CSW003P','CHANEL-19-SMALL-FLAP-WALLET19','0','New Arrivals','0',100,12,0),(21,354,554,NULL,'https://res.cloudinary.com/dca0effsq/image/upload/v1671115442/Purses/2%20Dior/Cards%20Holder/1/img/New%20folder/1630925109_2ESBC250VPD_H03E_E01_ZHC-removebg-preview_g8y7wr.png','https://res.cloudinary.com/dca0effsq/image/upload/v1671115444/Purses/2%20Dior/Cards%20Holder/1/img/New%20folder/1630925109_2ESBC250VPD_H03E_E06_GH-removebg-preview_bkmywd.png','https://res.cloudinary.com/dca0effsq/image/upload/v1671115450/Purses/2%20Dior/Cards%20Holder/1/img/New%20folder/1630925109_2ESBC250VPD_H03E_E08_GH-removebg-preview_mvgf7i.png','The zipped card holder is a sophisticated and timeless accessory. An excellent example of the House\'s unique leather craftsmanship, it is made with black Dior Oblique Galaxy leather, a smooth calfskin perforated with the Dior Oblique motif and embellished with a reflective lining. It presents a zipped and gusseted compartment and four slots to accommodate cards at the back. Spacious and practical, the card holder is an elegant daily companion.','Black Dior Oblique Galaxy calfskin','#212121','13.2 cm x 7.5 cm','DCH001BK','ZIPPED-CARD-HOLDER20','0','0','0',100,13,0),(22,571,771,NULL,'https://res.cloudinary.com/dca0effsq/image/upload/v1671115476/Purses/2%20Dior/Cards%20Holder/2/img/New%20folder/1642077914_2ESBC110VPD_H03E_E01_ZHC-removebg-preview_yvnxwx.png','https://res.cloudinary.com/dca0effsq/image/upload/v1671115421/Purses/2%20Dior/Cards%20Holder/2/img/New%20folder/1642077914_2ESBC110VPD_H03E_E06_GH-removebg-preview_tngm6x.png','https://res.cloudinary.com/dca0effsq/image/upload/v1671115448/Purses/2%20Dior/Cards%20Holder/2/img/New%20folder/1642077914_2ESBC110VPD_H03E_E03_GH-removebg-preview_uyfqif.png','The wallet is a compact accessory with a refined design. Crafted in black Dior Oblique Galaxy leather, it is accented by a Dior signature on the front. It features a snap-button closure with a front coin holder as well as interior compartments for cards and bills. The compact and spacious wallet may be easily carried in any bag.','Black Dior Oblique Galaxy calfskin','#212121','9.8 x 7.5 cm / 4 x 3 inches','DCH002BK','Black-Dior-Oblique-Galaxy-Leather21','0','New Arrivals','0',100,14,0),(23,345,545,NULL,'https://res.cloudinary.com/dca0effsq/image/upload/v1671115421/Purses/2%20Dior/Cards%20Holder/3/img/New%20folder/1668084314_S5692CTZQ_M928_E01_ZHC-removebg-preview_xby8ff.png','https://res.cloudinary.com/dca0effsq/image/upload/v1671115422/Purses/2%20Dior/Cards%20Holder/3/img/New%20folder/1668084314_S5692CTZQ_M928_E04_GH-removebg-preview_hhjlvb.png','https://res.cloudinary.com/dca0effsq/image/upload/v1671115453/Purses/2%20Dior/Cards%20Holder/3/img/New%20folder/1668084314_S5692CTZQ_M928_E08_GH-removebg-preview_lyrdy4.png','The Saddle flap zipped card holder is a compact and practical alternative to the traditional wallet. It is crafted in blue Dior Oblique jacquard and can accommodate the small daily essentials. The small and easy-to-use companion may be paired with the entire Saddle line.','Front \'D\' stirrup,1 gusseted compartment,5 card slots,1 zipped pocket','#343233','13 x 8.5 x 2.5 cm / 5 x 3.5 x 1 inches','DCH003Y','SADDLE-FLAP-COMPACT-ZIPPED-CARD-HOLDER22','0','0',NULL,100,15,0),(24,1442,1642,NULL,'https://res.cloudinary.com/dca0effsq/image/upload/v1671115430/Purses/2%20Dior/Chain%20and%20Strap%20Wallets/1/img/New%20folder/1631184314_S5614CTZQ_M928_E01_ZHC__1_-removebg-preview_pthvnb.png','https://res.cloudinary.com/dca0effsq/image/upload/v1671115452/Purses/2%20Dior/Chain%20and%20Strap%20Wallets/1/img/New%20folder/1631184314_S5614CTZQ_M928_E09_GH__1_-removebg-preview_iyuesp.png','https://res.cloudinary.com/dca0effsq/image/upload/v1671115433/Purses/2%20Dior/Chain%20and%20Strap%20Wallets/1/img/New%20folder/1631184314_S5614CTZQ_M928_E06_GH__1_-removebg-preview_hvq7ks.png','The long Saddle wallet with chain, crafted in blue Dior Oblique jacquard, is a hybrid item with a modern and streamlined design. The style is embellished with an asymmetric flap featuring an antique gold-finish metal \'D\' stirrup. Thanks to its removable chain strap, the wallet can be worn over the shoulder, crossbody or carried by hand.','Front \'D\' stirrup,6 card slots,3 patch pockets,1 removable zipped pouch','#CBC3B1','19 x 9.5 x 3 cm / 7.5 x 4 x 1 ','DCASW001Y','Dior-Oblique-Jacquard23','0',NULL,'',100,16,0),(25,1442,1642,NULL,'https://res.cloudinary.com/dca0effsq/image/upload/v1671115463/Purses/2%20Dior/Chain%20and%20Strap%20Wallets/2/img/New%20folder/1608111903_S5614SLLO_M989_E01_ZHC-removebg-preview_jigzqi.png','https://res.cloudinary.com/dca0effsq/image/upload/v1671115468/Purses/2%20Dior/Chain%20and%20Strap%20Wallets/2/img/New%20folder/1602254702_S5614SLLO_M989_E07_GH-removebg-preview_qc4jua.png','https://res.cloudinary.com/dca0effsq/image/upload/v1671115422/Purses/2%20Dior/Chain%20and%20Strap%20Wallets/2/img/New%20folder/1605696421_S5614SLLO_M989_E09_GH-removebg-preview_mtorsy.png','The long Saddle wallet with chain, crafted in black ultramatte calfskin, is both modern and streamlined. The design has an asymmetrical flap featuring a matte metal \'D\' stirrup clasp. Thanks to its detachable chain strap, the wallet may be worn over the shoulder, crossbody or carried by hand.','Front \'D\' stirrup,6 card slots,3 patch pockets,1 removable zipped pouch','#1C1C1C','19 x 9.5 x 3 cm / 7.5 x 4 x 1 inches','DCASW002BK','LONG-SADDLE-WALLET WITH-CHAIN24','0','0',NULL,100,17,0),(26,1442,1642,NULL,'https://res.cloudinary.com/dca0effsq/image/upload/v1671115422/Purses/2%20Dior/Chain%20and%20Strap%20Wallets/3/img/New%20folder/1631184312_S5614CCEH_M900_E01_ZHC-removebg-preview_w1jcda.png','https://res.cloudinary.com/dca0effsq/image/upload/v1671115469/Purses/2%20Dior/Chain%20and%20Strap%20Wallets/3/img/New%20folder/1631184312_S5614CCEH_M900_E06_GH-removebg-preview_rvn0lb.png','https://res.cloudinary.com/dca0effsq/image/upload/v1671115473/Purses/2%20Dior/Chain%20and%20Strap%20Wallets/3/img/New%20folder/1631184312_S5614CCEH_M900_E10_GH-removebg-preview_znhkkv.png','The long Saddle wallet with chain, crafted in black goatskin, is a hybrid item with a modern and streamlined design. The style is embellished with an asymmetrical flap featuring an antique gold-finish metal \'D\' stirrup. Thanks to its removable chain strap, the wallet can be worn over the shoulder, crossbody or carried by hand.','Front \'D\' stirrup,6 card slots,3 patch pockets,1 removable zipped pouch','#131313','19 x 9.5 x 3 cm / 7.5 x 4 x 1 inches','DCASW003BK','LONG-SADDLE-WALLET WITH-CHAIN25','0','New Arrivals',NULL,100,18,0),(27,800,1000,NULL,'https://res.cloudinary.com/dca0effsq/image/upload/v1671115422/Purses/2%20Dior/Long%20Wallet/1/img/New%20folder/1642761915_2ESBC252YSE_H03E_E01_ZHC-removebg-preview_sg6ibt.png','https://res.cloudinary.com/dca0effsq/image/upload/v1671115467/Purses/2%20Dior/Long%20Wallet/1/img/New%20folder/1642761915_2ESBC252YSE_H03E_E06_GHpng-removebg-preview_o39qvv.png','https://res.cloudinary.com/dca0effsq/image/upload/v1671115423/Purses/2%20Dior/Long%20Wallet/1/img/New%20folder/1658389516_2ESBC252YSE_H03E_E08_GH-removebg-preview_iylnrt.png','The long zipped wallet is a practical and refined accessory. Crafted in black Dior Oblique jacquard, it has a ruthenium-finish brass zipped closure and a black smooth calfskin interior. Its central zipped pocket can house coins while the two bill compartments and 12 card slots optimize organization. Spacious and elegant, the zipped wallet is an ideal daily companion.','Black smooth calfskin interior','#201F23','19 x 11 cm / 7.5 x 4.5 inches','DLW001BK','Dior-Oblique-Jacquard26','0','0',NULL,100,19,0),(28,800,1000,NULL,'https://res.cloudinary.com/dca0effsq/image/upload/v1671115423/Purses/2%20Dior/Long%20Wallet/2/img/New%20folder/1635857924_2ESBC252VPD_H03E_E01_ZHC-removebg-preview_ecjwqu.png','https://res.cloudinary.com/dca0effsq/image/upload/v1671115423/Purses/2%20Dior/Long%20Wallet/2/img/New%20folder/1635857924_2ESBC252VPD_H03E_E06_GH-removebg-preview_tl67gv.png','https://res.cloudinary.com/dca0effsq/image/upload/v1671115423/Purses/2%20Dior/Long%20Wallet/2/img/New%20folder/1635857924_2ESBC252VPD_H03E_E08_GH-removebg-preview_bpwexz.png','The zipped long wallet is a practical and refined accessory that demonstrates the House\'s unique leatherwork savoir-faire. It is crafted in black Dior Oblique Galaxy leather, a smooth calfskin perforated with the Dior Oblique motif, further enhanced with a reflective lining. The wallet features a palladium-finish brass \'DIOR\' signature on the front. Its central zipped pocket will carry coins while the two bill compartments and twelve card slots allow for optimal organization. Spacious and elegant, the zipped wallet is an ideal daily companion.','An excellent example of the House\'s savoir-faire, Dior Oblique Galaxy leather is a smooth calfskin perforated with the Dior Oblique motif and embellished with a reflective lining','#4C4847','19.8 x 11 cm / 8 x 4.5 inches','DLW002BK','Dior-Oblique-Galaxy-Leathe27','0','New Arrivals','',100,20,0),(29,1442,1642,NULL,'https://res.cloudinary.com/dca0effsq/image/upload/v1671115433/Purses/2%20Dior/Long%20Wallet/3/img/New%20folder/1631184314_S5614CTZQ_M928_E01_ZHC-removebg-preview_dxugm9.png','https://res.cloudinary.com/dca0effsq/image/upload/v1671115452/Purses/2%20Dior/Long%20Wallet/3/img/New%20folder/1631184314_S5614CTZQ_M928_E09_GH-removebg-preview_jcyfri.png','https://res.cloudinary.com/dca0effsq/image/upload/v1671115433/Purses/2%20Dior/Long%20Wallet/3/img/New%20folder/1631184314_S5614CTZQ_M928_E06_GH-removebg-preview_wlv93p.png','The long Saddle wallet with chain, crafted in blue Dior Oblique jacquard, is a hybrid item with a modern and streamlined design. The style is embellished with an asymmetric flap featuring an antique gold-finish metal \'D\' stirrup. Thanks to its removable chain strap, the wallet can be worn over the shoulder, crossbody or carried by hand.','Front \'D\' stirrup,6 card slots,3 patch pockets,1 removable zipped pouch','#2B2F36','19.8 x 11 cm / 8 x 4.5 inches','DLW003BK','Dior-Oblique-Jacquard28','0','0','0',100,21,0),(30,472,672,NULL,'https://res.cloudinary.com/dca0effsq/image/upload/v1671115475/Purses/2%20Dior/Small%20Wallet/1/img/New%20folder/1621449910_S5652CTZQ_M932_E01_ZHC-removebg-preview_cvtbk3.png','https://res.cloudinary.com/dca0effsq/image/upload/v1671115475/Purses/2%20Dior/Small%20Wallet/1/img/New%20folder/1621449910_S5652CTZQ_M932_E06_GH-removebg-preview_tmguhp.png','https://res.cloudinary.com/dca0effsq/image/upload/v1671115476/Purses/2%20Dior/Small%20Wallet/1/img/New%20folder/1621453581_S5652CTZQ_M932_E07_GH-removebg-preview_paovqs.png','The Saddle Lotus wallet honors the namesake line\'s emblematic codes. Crafted in gray Dior Oblique jacquard, it features the iconic asymmetrical flap and antique gold-finish metal \'D\' stirrup. The timeless accessory can hold all the essentials and may easily be slipped into any bag.','Front \'D\' stirrup,4 card slots,2 patch pockets,1 bill compartment,1 zipped pocket','#F3F5F8','10 x 9 x 2.5 cm / 4 x 3.5 x 1 inches','DSW001RY','SADDLE-LOTUS-WALLET29','0','New Arrivals','0',100,22,0),(31,492,692,NULL,'https://res.cloudinary.com/dca0effsq/image/upload/v1671115477/Purses/2%20Dior/Small%20Wallet/2/img/New%20folder/1651135525_S2057UTZQ_M928_E01_ZHC-removebg-preview_oczxiw.png','https://res.cloudinary.com/dca0effsq/image/upload/v1671115478/Purses/2%20Dior/Small%20Wallet/2/img/New%20folder/1651135525_S2057UTZQ_M928_E06_GH-removebg-preview_xbskbm.png','https://res.cloudinary.com/dca0effsq/image/upload/v1671115476/Purses/2%20Dior/Small%20Wallet/2/img/New%20folder/1651135525_S2057UTZQ_M928_E07_GH-removebg-preview_jqdg53.png','The 30 Montaigne Lotus wallet, crafted in blue jacquard, has a compact shape. The elegant design honors the codes of the House and is embellished with the Dior Oblique motif and a \'CD\' signature. The small companion features several separate compartments and may easily be slipped into any bag or clutch.','\'CD\' signature on the front,Front snap-button closure,4 card slots,2 patch pockets,1 zipped pouch,1 bill holder','#181C1F','10 x 9 x 2 cm / 4 x 3.5 x 1 inches','DSW002GY','30-MONTAIGNE-LOTUS-WALLET30','0','0',NULL,100,23,0),(32,710,910,NULL,'https://res.cloudinary.com/dca0effsq/image/upload/v1671115477/Purses/2%20Dior/Small%20Wallet/3/img/New%20folder/1652435115_S5032UWHC_M08Z_E01_ZHC-removebg-preview_s5ladv.png','https://res.cloudinary.com/dca0effsq/image/upload/v1671115478/Purses/2%20Dior/Small%20Wallet/3/img/New%20folder/1652435115_S5032UWHC_M08Z_E07_GH-removebg-preview_p9xmvh.png','https://res.cloudinary.com/dca0effsq/image/upload/v1671115477/Purses/2%20Dior/Small%20Wallet/3/img/New%20folder/1652435115_S5032UWHC_M08Z_E03_GH-removebg-preview_v5xewp.png','The Dior Caro compact zipped wallet has an elegant \'CD\' signature on its flap and hallmark Cannage topstitching. Crafted in azure blue supple calfskin, it is lightweight and practical. The daily essential can be combined with other pieces from the Dior Caro line and may be slipped into any bag.','\'CD\' signature on the front,6 card slots,2 patch pockets,1 bill holder,1 zipped compartment','#75AAB0','12 x 9 x 5 cm / 5 x 3.5 x 2 inches','DSW003BE','DIOR-CARO-COMPACT-ZIPPED-WALLET31','0','0',NULL,100,24,0),(33,215,415,NULL,'https://res.cloudinary.com/dca0effsq/image/upload/v1671115478/Purses/3%20Louis%20Vuitton/Cards%20Holder/1/black/img/louis-vuitton-coin-card-holder--M30271_PM2_Front_view_chvq0d.webp','https://res.cloudinary.com/dca0effsq/image/upload/v1671115478/Purses/3%20Louis%20Vuitton/Cards%20Holder/1/black/img/louis-vuitton-coin-card-holder--M30271_PM1_Interior_view_jw6vxx.webp','https://res.cloudinary.com/dca0effsq/image/upload/v1671115478/Purses/3%20Louis%20Vuitton/Cards%20Holder/1/black/img/louis-vuitton-coin-card-holder--M30271_PM1_Side_view_ptejiy.webp','The Coin Card Holder’s sleek design is complemented by the unified colorway of the Monogram canvas and Taiga leather from which it\'s made. ','Taiga cowhide leather and Monogram Eclipse coated canvas','#131313','3.1 x 5.7 x 0.4 inches','LVCH001BK','COIN-CARD-HOLDER32','0','New Arrivals','0',100,25,0),(34,215,415,NULL,'https://res.cloudinary.com/dca0effsq/image/upload/v1671115479/Purses/3%20Louis%20Vuitton/Cards%20Holder/1/blue/img/louis-vuitton-coin-card-holder--M30270_PM2_Front_view_rkjqmc.webp','https://res.cloudinary.com/dca0effsq/image/upload/v1671115479/Purses/3%20Louis%20Vuitton/Cards%20Holder/1/blue/img/louis-vuitton-coin-card-holder--M30270_PM1_Interior_view_qx666x.webp','https://res.cloudinary.com/dca0effsq/image/upload/v1671115414/Purses/3%20Louis%20Vuitton/Cards%20Holder/1/blue/img/louis-vuitton-coin-card-holder--M30270_PM1_Side_view_ch5u45.webp','The Coin Card Holder’s sleek design is complemented by the unified colorway of the Monogram canvas and Taiga leather from which it\'s made. ','Taiga cowhide leather and Monogram Eclipse coated canvas','#033D69','3.1 x 5.7 x 0.4 inches','LVCH001BE','COIN-CARD-HOLDER33','0','0','0',100,25,0),(35,265,465,NULL,'https://res.cloudinary.com/dca0effsq/image/upload/v1671115415/Purses/3%20Louis%20Vuitton/Cards%20Holder/2/black/img/louis-vuitton-pocket-organizer--M30537_PM2_Front_view_ikpbss.webp','https://res.cloudinary.com/dca0effsq/image/upload/v1671115479/Purses/3%20Louis%20Vuitton/Cards%20Holder/2/black/img/louis-vuitton-pocket-organizer--M30537_PM1_Interior_view_mhqvix.webp','https://res.cloudinary.com/dca0effsq/image/upload/v1671115414/Purses/3%20Louis%20Vuitton/Cards%20Holder/2/black/img/louis-vuitton-pocket-organizer--M30537_PM1_Side_view_txfyis.webp','Louis Vuitton\'s compact Pocket Organizer is the perfect all-in-one wallet, holding credit cards, bills and papers. ','3 card slots,5 inside pockets,1 outside pocket','#2C2C2C','2.9 x 4.3 x 0.4 inches','LVCH002BK','POCKET-ORGANIZER34','0','New Arrivals','0',100,26,0),(36,265,465,NULL,'https://res.cloudinary.com/dca0effsq/image/upload/v1671115479/Purses/3%20Louis%20Vuitton/Cards%20Holder/2/blue/img/louis-vuitton-pocket-organizer--M30535_PM2_Front_view_h6ek2u.webp','https://res.cloudinary.com/dca0effsq/image/upload/v1671115414/Purses/3%20Louis%20Vuitton/Cards%20Holder/2/blue/img/louis-vuitton-pocket-organizer--M30535_PM1_Interior_view_usjidh.webp','https://res.cloudinary.com/dca0effsq/image/upload/v1671115479/Purses/3%20Louis%20Vuitton/Cards%20Holder/2/blue/img/louis-vuitton-pocket-organizer--M30535_PM1_Side_view_hjnhek.webp','Louis Vuitton\'s compact Pocket Organizer is the perfect all-in-one wallet, holding credit cards, bills and papers. ','3 card slots,5 inside pockets,1 outside pocket','#3A3F4D','2.9 x 4.3 x 0.4 inches','LVCH002BE','POCKET-ORGANIZER35','0','0',NULL,100,26,0),(37,215,415,NULL,'https://res.cloudinary.com/dca0effsq/image/upload/v1671115415/Purses/3%20Louis%20Vuitton/Cards%20Holder/3/gray/img/louis-vuitton-coin-card-holder--M30839_PM2_Front_view_vcox5t.webp','https://res.cloudinary.com/dca0effsq/image/upload/v1671115415/Purses/3%20Louis%20Vuitton/Cards%20Holder/3/gray/img/louis-vuitton-coin-card-holder--M30839_PM1_Side_view_pur2h1.webp','https://res.cloudinary.com/dca0effsq/image/upload/v1671115415/Purses/3%20Louis%20Vuitton/Cards%20Holder/3/gray/img/louis-vuitton-coin-card-holder--M30839_PM1_Interior_view_fs9wxy.webp','As part of the Taigarama line, this Coin Card Holder is fashioned from deep-dyed Taiga leather and Monogram canvas in a matching colorway. ','Monogram coated canvas and Taiga cowhide leather,Textile lining,Silver-color hardware,4 card slots,Zipped compartment for coins,Flat compartment for bills and receipts','#F2F5F7','3.1 x 5.7 x 0.4 inches','LVCH003GY','COIN-CARD-HOLDER36','0','New Arrivals','0',100,27,0),(38,215,415,NULL,'https://res.cloudinary.com/dca0effsq/image/upload/v1671115416/Purses/3%20Louis%20Vuitton/Cards%20Holder/3/red/img/louis-vuitton-coin-card-holder--M30829_PM2_Front_view_uxzevv.webp','https://res.cloudinary.com/dca0effsq/image/upload/v1671115418/Purses/3%20Louis%20Vuitton/Cards%20Holder/3/red/img/louis-vuitton-coin-card-holder--M30829_PM1_Interior_view_bnaa3b.webp','https://res.cloudinary.com/dca0effsq/image/upload/v1672069735/Purses/3%20Louis%20Vuitton/Chain%20and%20Strap%20Wallets/LVSATW001/Brown/IMG/louis-vuitton-mini-boite-chapeau-monogram-reverse-canvas-wallets-and-small-leather-goods-M68276_PM1__1_nysqnv-removebg-preview_ktau67.png','As part of the Taigarama line, this Coin Card Holder is fashioned from deep-dyed Taiga leather and Monogram canvas in a matching colorway. ','Monogram coated canvas and Taiga cowhide leather,Textile lining,Silver-color hardware,4 card slots,Zipped compartment for coins,Flat compartment for bills and receipts','#DF343A','3.1 x 5.7 x 0.4 inches','LVCH003R','COIN-CARD-HOLDER37','0','0','0',100,27,0),(39,2170,2370,NULL,'https://res.cloudinary.com/dca0effsq/image/upload/v1672069735/Purses/3%20Louis%20Vuitton/Chain%20and%20Strap%20Wallets/LVSATW001/Brown/IMG/louis-vuitton-mini-boite-chapeau-monogram-reverse-canvas-wallets-and-small-leather-goods-M68276_PM2__chwhh2-removebg-preview_htkpwy.png','https://res.cloudinary.com/dca0effsq/image/upload/v1672069735/Purses/3%20Louis%20Vuitton/Chain%20and%20Strap%20Wallets/LVSATW001/Brown/IMG/louis-vuitton-mini-boite-chapeau-monogram-reverse-canvas-wallets-and-small-leather-goods-M68276_PM1__ygpmo6-removebg-preview_nupblm.png','https://res.cloudinary.com/dca0effsq/image/upload/v1672069735/Purses/3%20Louis%20Vuitton/Chain%20and%20Strap%20Wallets/LVSATW001/Brown/IMG/louis-vuitton-mini-boite-chapeau-monogram-reverse-canvas-wallets-and-small-leather-goods-M68276_PM1__1_nysqnv-removebg-preview_ktau67.png','Fashioned from Monogram Reverse canvas, the Mini Boîte Chapeau delights with its iconic shape and classic Louis Vuitton details such as the leather name tag and interior malletage quilting. The zip closure reveals a well-organized inside with two large gusseted compartments. It can be worn as a belt bag, carried by the handle, on the shoulder thanks to the removable strap.','Monogram Reverse coated canvas','#8C5928','13 x 12 x 6.5 cm','LVCASW001BK','MINI-BOITE-CHAPEAU38','0','New Arrivals','Feature',100,28,0),(40,2170,2370,NULL,'https://res.cloudinary.com/dca0effsq/image/upload/v1672069761/Purses/3%20Louis%20Vuitton/Chain%20and%20Strap%20Wallets/LVSATW001/White/IMG/louis-vuitton-mini-boite-chapeau-monogram-canvas-wallets-and-small-leather-goods-M44699_PM2_Front-vi__1_-removebg-preview_p5hfv3.png','https://res.cloudinary.com/dca0effsq/image/upload/v1672069760/Purses/3%20Louis%20Vuitton/Chain%20and%20Strap%20Wallets/LVSATW001/White/IMG/louis-vuitton-mini-boite-chapeau-monogram-canvas-wallets-and-small-leather-goods-M44699_PM1_Interior-removebg-preview_woffux.png','https://res.cloudinary.com/dca0effsq/image/upload/v1672069761/Purses/3%20Louis%20Vuitton/Chain%20and%20Strap%20Wallets/LVSATW001/White/IMG/louis-vuitton-mini-boite-chapeau-monogram-canvas-wallets-and-small-leather-goods-M44699_PM1_Side-vie-removebg-preview_v5wopw.png','Fashioned from Monogram Reverse canvas, the Mini Boîte Chapeau delights with its iconic shape and classic Louis Vuitton details such as the leather name tag and interior malletage quilting. The zip closure reveals a well-organized inside with two large gusseted compartments. It can be worn as a belt bag, carried by the handle, on the shoulder thanks to the removable strap.','Monogram Reverse coated canvas','#915D2D','13 x 12 x 6.5 cm','LVCASW001W','MINI-BOITE-CHAPEAU39','0','0','Feature',100,28,0),(41,1560,1760,NULL,'https://res.cloudinary.com/dca0effsq/image/upload/v1671115449/Purses/3%20Louis%20Vuitton/Chain%20and%20Strap%20Wallets/2/img/louis-vuitton-toiletry-pouch-on-chain--M81412_PM2_Front_view_gmtuqg.webp','https://res.cloudinary.com/dca0effsq/image/upload/v1671115427/Purses/3%20Louis%20Vuitton/Chain%20and%20Strap%20Wallets/2/img/louis-vuitton-toiletry-pouch-on-chain--M81412_PM1_Back_view_ey1jdf.webp','https://res.cloudinary.com/dca0effsq/image/upload/v1671115427/Purses/3%20Louis%20Vuitton/Chain%20and%20Strap%20Wallets/2/img/louis-vuitton-toiletry-pouch-on-chain--M81412_PM1_Interior_view_yvuuur.webp','The Toiletry Pouch On Chain was inspired by the Monogram Toiletry Pouch cosmetic pouch, created in 1901, which Louis Vuitton clients also used as a clutch. ','Monogram coated canvas,Natural cowhide-leather trim,Microfiber lining,Gold-color hardwareZip closure','#412D23','9.8 x 7.9 x 2.2 inches','LVCASW002BN','TOILETRY-POUCH- ON-CHAIN40','0','New Arrivals','0',100,29,0),(42,1700,1900,NULL,'https://res.cloudinary.com/dca0effsq/image/upload/v1671115428/Purses/3%20Louis%20Vuitton/Chain%20and%20Strap%20Wallets/3/img/louis-vuitton-micro-m%C3%A9tis--M81267_PM2_Front_view_vngdpl.webp','https://res.cloudinary.com/dca0effsq/image/upload/v1671115428/Purses/3%20Louis%20Vuitton/Chain%20and%20Strap%20Wallets/3/img/louis-vuitton-micro-m%C3%A9tis--M81267_PM1_Interior_view_ekf7xp.webp','https://res.cloudinary.com/dca0effsq/image/upload/v1671115427/Purses/3%20Louis%20Vuitton/Chain%20and%20Strap%20Wallets/3/img/louis-vuitton-micro-m%C3%A9tis--M81267_PM1_Back_view_wwf6mv.webp','The Micro Métis in Monogram canvas is a miniature replica of the iconic Pochette Métis bag. ','Monogram coated canvas,Natural cowhide-leather trim,Microfiber linings,Gold-color hardware,S-lock closure,2 compartments','#422E25','5.5 x 4.3 x 1.4 inches','LVCASW003BN','MICRO MÉTIS41','0','0','Feature',100,30,0),(43,635,835,NULL,'https://res.cloudinary.com/dca0effsq/image/upload/v1671115468/Purses/3%20Louis%20Vuitton/Long%20Wallet/1/pink/img/louis-vuitton-sarah-wallet-damier-ebene-small-leather-goods--N63551_PM2_Front_view_tatk8h.webp','https://res.cloudinary.com/dca0effsq/image/upload/v1671115429/Purses/3%20Louis%20Vuitton/Long%20Wallet/1/pink/img/louis-vuitton-sarah-wallet--N63551_PM1_Interior_view_ksjgc4.webp','https://res.cloudinary.com/dca0effsq/image/upload/v1671115429/Purses/3%20Louis%20Vuitton/Long%20Wallet/1/pink/img/louis-vuitton-sarah-wallet--N63551_PM1_Side_view_ir5csg.webp','The Sarah wallet in Damier Ebene canvas is revisited for the Vivienne Holidays 2022 collection, which celebrates the spirit of travel. ','Damier Ebene coated canvas,Grained cowhide-leather lining,Gold-color hardware,Press-stud closure,2 large gusseted compartments,Zipped coin pocket','#B86C86','7.5 x 4.1 x 0.8 inches','LVLW001P','SARAH-WALLET42','0','New Arrivals','0',100,31,0),(44,635,835,NULL,'https://res.cloudinary.com/dca0effsq/image/upload/v1671115430/Purses/3%20Louis%20Vuitton/Long%20Wallet/1/yellow/img/louis-vuitton-sarah-wallet--M81608_PM2_Front_view_gioroq.webp','https://res.cloudinary.com/dca0effsq/image/upload/v1671115430/Purses/3%20Louis%20Vuitton/Long%20Wallet/1/yellow/img/louis-vuitton-sarah-wallet--M81608_PM1_Side_view_e9fply.webp','https://res.cloudinary.com/dca0effsq/image/upload/v1671115428/Purses/3%20Louis%20Vuitton/Long%20Wallet/1/yellow/img/louis-vuitton-sarah-wallet--M81608_PM1_Interior_view_zf2oi1.webp','The Sarah wallet in Damier Ebene canvas is revisited for the Vivienne Holidays 2022 collection, which celebrates the spirit of travel. ','Damier Ebene coated canvas,Grained cowhide-leather lining,Gold-color hardware,Press-stud closure,2 large gusseted compartments,Zipped coin pocket','#FAC03E','7.5 x 4.1 x 0.8 inches','LVLW001Y','SARAH-WALLET43','0','0',NULL,98,31,0),(45,555,755,NULL,'https://res.cloudinary.com/dca0effsq/image/upload/v1671115435/Purses/3%20Louis%20Vuitton/Long%20Wallet/2/Blue/img/louis-vuitton-brazza-wallet--M30297_Back_view_mwwvyf.webp','https://res.cloudinary.com/dca0effsq/image/upload/v1671115453/Purses/3%20Louis%20Vuitton/Long%20Wallet/2/Blue/img/louis-vuitton-brazza-wallet--M30297_PM1_Interior_view_lqylen.webp','https://res.cloudinary.com/dca0effsq/image/upload/v1671115430/Purses/3%20Louis%20Vuitton/Long%20Wallet/2/Blue/img/louis-vuitton-brazza-wallet--M30297_PM2_Front_view_lzap7x.webp','Made from Taiga leather and Monogram canvas in a nuanced colorway, the Brazza Wallet’s instantly recognizable design takes on an understated graphic look','Taiga cowhide leather and Monogram Pacific coated canvas,Cowhide-leather trim,Textile lining,Silver-color hardware,16 credit cards slots,ID or business card slot','#696B79','3.9 x 7.5 x 0.8 inches','LVLW002BE','BRAZZA-WALLET44','0','New Arrivals','0',100,32,0),(46,555,755,NULL,'https://res.cloudinary.com/dca0effsq/image/upload/v1671115463/Purses/3%20Louis%20Vuitton/Long%20Wallet/2/Brown/img/louis-vuitton-brazza-wallet-monogram-macassar-canvas-small-leather-goods--M6_jafjqo.webp','https://res.cloudinary.com/dca0effsq/image/upload/v1671115431/Purses/3%20Louis%20Vuitton/Long%20Wallet/2/Brown/img/louis-vuitton-brazza-wallet--M69410_PM1_Interior_view_arhjrc.webp','https://res.cloudinary.com/dca0effsq/image/upload/v1671115430/Purses/3%20Louis%20Vuitton/Long%20Wallet/2/Brown/img/louis-vuitton-brazza-wallet--M69410_PM1_Back_view_nqul9g.webp','Made from Taiga leather and Monogram canvas in a nuanced colorway, the Brazza Wallet’s instantly recognizable design takes on an understated graphic look','Taiga cowhide leather and Monogram Pacific coated canvas,Cowhide-leather trim,Textile lining,Silver-color hardware,16 credit cards slots,ID or business card slot','#3E2B24','3.9 x 7.5 x 0.8 inches','LVLW002BN','BRAZZA-WALLET45','0','0','0',100,32,0),(47,555,755,NULL,'https://res.cloudinary.com/dca0effsq/image/upload/v1671115460/Purses/3%20Louis%20Vuitton/Long%20Wallet/2/white/img/louis-vuitton-brazza-wallet-taigarama-small-leather-goods--M30298_PM2_Front_view3.9_x_fffs1o.webp','https://res.cloudinary.com/dca0effsq/image/upload/v1671115460/Purses/3%20Louis%20Vuitton/Long%20Wallet/2/white/img/louis-vuitton-brazza-wallet-taigarama-small-leather-goods--M30298_PM1_Interior_view_jvdego.webp','https://res.cloudinary.com/dca0effsq/image/upload/v1671115432/Purses/3%20Louis%20Vuitton/Long%20Wallet/2/white/img/louis-vuitton-brazza-wallet-taigarama-small-leather-goods--M30298_PM1_Side_view_hcnohr.webp','Made from Taiga leather and Monogram canvas in a nuanced colorway, the Brazza Wallet’s instantly recognizable design takes on an understated graphic look','Taiga cowhide leather and Monogram Pacific coated canvas,Cowhide-leather trim,Textile lining,Silver-color hardware,16 credit cards slots,ID or business card slot','#EDF0F2','3.9 x 7.5 x 0.8 inches','LVLW002W','BRAZZA-WALLET46','0','New Arrivals','0',100,32,0),(48,650,850,NULL,'https://res.cloudinary.com/dca0effsq/image/upload/v1671115435/Purses/3%20Louis%20Vuitton/Long%20Wallet/3/Brown/img/louis-vuitton-zippy-wallet--N41661_PM2_Front_view_s7nha3.webp','https://res.cloudinary.com/dca0effsq/image/upload/v1671115434/Purses/3%20Louis%20Vuitton/Long%20Wallet/3/Brown/img/louis-vuitton-zippy-wallet--N41661_2_PM1_Interior_view_tt73s1.webp','https://res.cloudinary.com/dca0effsq/image/upload/v1671115432/Purses/3%20Louis%20Vuitton/Long%20Wallet/3/Brown/img/louis-vuitton-zippy-wallet--N41661_2_PM1_Side_view_jbrgl9.webp','This iconic wallet just got an upgrade! Now with four additional credit card slots and a playful new colored lining, the Zippy Wallet in Damier Ebene canvas is more versatile than ever.','Grained Cowhide Leather lining,Calf leather trimmings,Shiny golden color metal pieces,12 credit cards slots,1 zip coin pocket,1 open compartment for banknotes,2 inside patch pockets,3 large gusseted compartments','#654B43','7.7 x 4.1 x 1 inches','LVLW003BN','ZIPPY-WALLET47','0','0','Feature',100,33,0),(49,650,850,NULL,'https://res.cloudinary.com/dca0effsq/image/upload/v1671115434/Purses/3%20Louis%20Vuitton/Long%20Wallet/3/Pink/img/louis-vuitton-zippy-wallet--N60046_PM1_Back_view_zgpwkd.webp','https://res.cloudinary.com/dca0effsq/image/upload/v1671115432/Purses/3%20Louis%20Vuitton/Long%20Wallet/3/Pink/img/louis-vuitton-zippy-wallet--N60046_PM1_Interior_view_gr5sim.webp','https://res.cloudinary.com/dca0effsq/image/upload/v1671115432/Purses/3%20Louis%20Vuitton/Long%20Wallet/3/Pink/img/louis-vuitton-zippy-wallet--N60046_PM2_Front_view_zwmfzf.webp','This iconic wallet just got an upgrade! Now with four additional credit card slots and a playful new colored lining, the Zippy Wallet in Damier Ebene canvas is more versatile than ever.','Grained Cowhide Leather lining,Calf leather trimmings,Shiny golden color metal pieces,12 credit cards slots,1 zip coin pocket,1 open compartment for banknotes,2 inside patch pockets,3 large gusseted compartments','#DAB2B1','7.7 x 4.1 x 1 inches','LVLW003P','ZIPPY-WALLET48','0','New Arrivals','Feature',100,33,0),(50,685,785,NULL,'https://res.cloudinary.com/dca0effsq/image/upload/v1671115441/Purses/3%20Louis%20Vuitton/Small%20Wallet/1/pink/img/louis-vuitton-juliette-wallet--M80973_PM2_Front_view_ixjnxz.webp','https://res.cloudinary.com/dca0effsq/image/upload/v1671115442/Purses/3%20Louis%20Vuitton/Small%20Wallet/1/pink/img/louis-vuitton-juliette-wallet--M80973_PM1_Interior_view_yuxtmk.webp','https://res.cloudinary.com/dca0effsq/image/upload/v1671115440/Purses/3%20Louis%20Vuitton/Small%20Wallet/1/pink/img/louis-vuitton-juliette-wallet--M80973_PM1_Side_view_it7d8j.webp','The Juliette wallet is crafted from Louis Vuitton\'s iconic Monogram canvas with a front pocket and lining in cowhide leather. ','Rose Ballerine Pink,Monogram coated canvas,Cowhide-leather trim,Cowhide-leather lining,Gold-color hardware,Press-stud closure,Front flat pocket','#E1BAB3','5.1 x 3.5 x 1.2 inches','LVSW001P','JULIETTE-WALLET49','0','0','Feature',100,34,0),(51,685,785,NULL,'https://res.cloudinary.com/dca0effsq/image/upload/v1671115442/Purses/3%20Louis%20Vuitton/Small%20Wallet/1/red/img/louis-vuitton-juliette-wallet--M69433_PM2_Front_view_fpbjtb.webp','https://res.cloudinary.com/dca0effsq/image/upload/v1671115442/Purses/3%20Louis%20Vuitton/Small%20Wallet/1/red/img/louis-vuitton-juliette-wallet--M69433_PM1_Side_view_gz2pxv.webp','https://res.cloudinary.com/dca0effsq/image/upload/v1671115443/Purses/3%20Louis%20Vuitton/Small%20Wallet/1/red/img/louis-vuitton-juliette-wallet--M69433_PM1_Interior_view_ihjged.webp','The Juliette wallet is crafted from Louis Vuitton\'s iconic Monogram canvas with a front pocket and lining in cowhide leather. ','Rose Ballerine Pink,Monogram coated canvas,Cowhide-leather trim,Cowhide-leather lining,Gold-color hardware,Press-stud closure,Front flat pocket','#830C2D','5.1 x 3.5 x 1.2 inches','LVSW001R','JULIETTE-WALLET50','0','New Arrivals','Feature',100,34,0),(52,630,830,NULL,'https://res.cloudinary.com/dca0effsq/image/upload/v1671115443/Purses/3%20Louis%20Vuitton/Small%20Wallet/2/black/img/louis-vuitton-iris-xs-wallet--M67498_PM2_Front_view_uidoe3.webp','https://res.cloudinary.com/dca0effsq/image/upload/v1671115443/Purses/3%20Louis%20Vuitton/Small%20Wallet/2/black/img/louis-vuitton-iris-xs-wallet--M67498_PM1_Interior_view_zeizr9.webp','https://res.cloudinary.com/dca0effsq/image/upload/v1671115441/Purses/3%20Louis%20Vuitton/Small%20Wallet/2/black/img/louis-vuitton-iris-xs-wallet--M67498_PM1_Side_view_m0he2b.webp','Small enough to slip into any bag, the Iris XS wallet comes in Louis Vuitton\'s signature Mahina calf leather with Monogram perforations. ','Mahina perforated calf leather,Calf-leather lining,Silver-color hardware,Press-stud closure,Zipped coin pocket with gusset,Bill pocket','#343434','3.9 x 3.1 x 0.4 inches','LVSW002BK','IRIS-XS-WALLET51','0','0',NULL,100,35,0),(53,630,830,NULL,'https://res.cloudinary.com/dca0effsq/image/upload/v1671115443/Purses/3%20Louis%20Vuitton/Small%20Wallet/2/pink/img/louis-vuitton-iris-xs-wallet--M67499_PM2_Front_view_icbyhx.webp','https://res.cloudinary.com/dca0effsq/image/upload/v1671115442/Purses/3%20Louis%20Vuitton/Small%20Wallet/2/pink/img/louis-vuitton-iris-xs-wallet--M67499_PM1_Interior_view_cjq6rz.webp','https://res.cloudinary.com/dca0effsq/image/upload/v1671115441/Purses/3%20Louis%20Vuitton/Small%20Wallet/2/pink/img/louis-vuitton-iris-xs-wallet--M67499_PM1_Side_view_ulmmgi.webp','Small enough to slip into any bag, the Iris XS wallet comes in Louis Vuitton\'s signature Mahina calf leather with Monogram perforations. ','Mahina perforated calf leather,Calf-leather lining,Silver-color hardware,Press-stud closure,Zipped coin pocket with gusset,Bill pocket','#DFBFB1','3.9 x 3.1 x 0.4 inches','LVSW002P','IRIS-XS-WALLET52','0','New Arrivals','0',100,35,0),(54,810,1010,NULL,'https://res.cloudinary.com/dca0effsq/image/upload/v1671115444/Purses/3%20Louis%20Vuitton/Small%20Wallet/3/blue/img/louis-vuitton-capucines-compact-wallet--M63741_PM2_Front_view_kwz8ys.webp','https://res.cloudinary.com/dca0effsq/image/upload/v1671115445/Purses/3%20Louis%20Vuitton/Small%20Wallet/3/blue/img/louis-vuitton-capucines-compact-wallet--M63741_PM1_Side_view_s3hhdv.webp','https://res.cloudinary.com/dca0effsq/image/upload/v1671115443/Purses/3%20Louis%20Vuitton/Small%20Wallet/3/blue/img/louis-vuitton-capucines-compact-wallet--M63741_PM1_Interior_view_b9uwfv.webp','Crafted in supple Taurillon leather, the Capucines Compact Wallet has many functionalities and a large capacity to fit every day essentials. ','Shiny golden color metal pieces,8 credit cards slots,1 zip coin pocket,1 bill pocket,2 flat pockets','#20262F','5.3 x 3.7 x 1.2 inches','LVSW003BE','CAPUCINES-COMPACT-WALLET53','0','0','0',100,36,0),(55,810,1010,NULL,'https://res.cloudinary.com/dca0effsq/image/upload/v1671115444/Purses/3%20Louis%20Vuitton/Small%20Wallet/3/pink/img/louis-vuitton-capucines-compact-wallet--M62156_PM2_Front_view_dxghzr.webp','https://res.cloudinary.com/dca0effsq/image/upload/v1671115444/Purses/3%20Louis%20Vuitton/Small%20Wallet/3/pink/img/louis-vuitton-capucines-compact-wallet--M62156_PM1_Interior_view_hbq0cl.webp','https://res.cloudinary.com/dca0effsq/image/upload/v1671115444/Purses/3%20Louis%20Vuitton/Small%20Wallet/3/pink/img/louis-vuitton-capucines-compact-wallet--M62156_PM1_Side_view_ledu3g.webp','Crafted in supple Taurillon leather, the Capucines Compact Wallet has many functionalities and a large capacity to fit every day essentials. ','Shiny golden color metal pieces,8 credit cards slots,1 zip coin pocket,1 bill pocket,2 flat pockets','#C09990','5.3 x 3.7 x 1.2 inches','LVSW003P','CAPUCINES-COMPACT-WALLET54','0','New Arrivals','0',100,36,0),(56,810,1010,NULL,'https://res.cloudinary.com/dca0effsq/image/upload/v1671115445/Purses/3%20Louis%20Vuitton/Small%20Wallet/3/white/img/louis-vuitton-capucines-compact-wallet--M62159_PM2_Front_view_uzoeyy.webp','https://res.cloudinary.com/dca0effsq/image/upload/v1671115445/Purses/3%20Louis%20Vuitton/Small%20Wallet/3/white/img/louis-vuitton-capucines-compact-wallet--M62159_PM1_Interior_view_i968ba.webp','https://res.cloudinary.com/dca0effsq/image/upload/v1671115444/Purses/3%20Louis%20Vuitton/Small%20Wallet/3/white/img/louis-vuitton-capucines-compact-wallet--M62159_PM1_Side_view_tna0id.webp','Crafted in supple Taurillon leather, the Capucines Compact Wallet has many functionalities and a large capacity to fit every day essentials. ','Shiny golden color metal pieces,8 credit cards slots,1 zip coin pocket,1 bill pocket,2 flat pockets','#B5A395','5.3 x 3.7 x 1.2 inches','LVSW003W','CAPUCINES-COMPACT-WALLET55','0','0',NULL,100,36,0),(57,850,1050,NULL,'https://res.cloudinary.com/dca0effsq/image/upload/v1671115455/Purses/4%20Gucci/Card%20Holder/Gucci%20Blondie%20card%20case%20wallet%20%241050/BLACK/698635_UXX0G_1000_001_080_0000_Light-Gucci-Blondie-card-case-wallet-removebg-preview_lcocbl.png','https://res.cloudinary.com/dca0effsq/image/upload/v1671115461/Purses/4%20Gucci/Card%20Holder/Gucci%20Blondie%20card%20case%20wallet%20%241050/BLACK/698635_UXX0G_1000_002_080_0000_Light-Gucci-Blondie-card-case-wallet-removebg-preview_cc8bhz.png','https://res.cloudinary.com/dca0effsq/image/upload/v1671115449/Purses/4%20Gucci/Card%20Holder/Gucci%20Blondie%20card%20case%20wallet%20%241050/BLACK/698635_UXX0G_1000_007_080_0000_Light-Gucci-Blondie-card-case-wallet-removebg-preview_aimdjm.png','Coming from the House\'s archives, a geometrically shaped version of the Interlocking G logo is reintroduced for Gucci Love Parade. Crafted from black leather, this card case wallet is enhanced with an adjustable strap, allowing it to be paired and styled in different ways. The versatile nature of the design adds a contemporary note to the archival hardware\'s vintage aesthetic.','Gold-toned hardware,Leather lining,Round Interlocking G,Adjustable shoulder strap with 17.3\" drop,Snap button closure','#2D2D2F','4.5\"W x 3.5\"H x 1.2\"D','GCH001BK','Gucci-Blondie-card-case-wallet56','0','New Arrivals','0',100,37,0),(58,850,1050,NULL,'https://res.cloudinary.com/dca0effsq/image/upload/v1671115456/Purses/4%20Gucci/Card%20Holder/Gucci%20Blondie%20card%20case%20wallet%20%241050/WHITE/698635_UXX0G_9022_001_080_0000_Light-Gucci-Blondie-card-case-wallet-removebg-preview_kv37zw.png','https://res.cloudinary.com/dca0effsq/image/upload/v1671115461/Purses/4%20Gucci/Card%20Holder/Gucci%20Blondie%20card%20case%20wallet%20%241050/WHITE/698635_UXX0G_9022_002_080_0000_Light-Gucci-Blondie-card-case-wallet-removebg-preview_dlbor7.png','https://res.cloudinary.com/dca0effsq/image/upload/v1671115449/Purses/4%20Gucci/Card%20Holder/Gucci%20Blondie%20card%20case%20wallet%20%241050/WHITE/698635_UXX0G_9022_007_080_0000_Light-Gucci-Blondie-card-case-wallet-removebg-preview_hq5q9c.png','Coming from the House\'s archives, a geometrically shaped version of the Interlocking G logo is reintroduced for Gucci Love Parade. Crafted from black leather, this card case wallet is enhanced with an adjustable strap, allowing it to be paired and styled in different ways. The versatile nature of the design adds a contemporary note to the archival hardware\'s vintage aesthetic.','Gold-toned hardware,Leather lining,Round Interlocking G,Adjustable shoulder strap with 17.3\" drop,Snap button closure','#E7E1D5','4.5\"W x 3.5\"H x 1.2\"D','GCH001W','Gucci-Blondie-card-case-wallet57','0','0','0',100,37,0),(59,420,620,NULL,'https://res.cloudinary.com/dca0effsq/image/upload/v1671115462/Purses/4%20Gucci/Card%20Holder/Keychain%20zip%20wallet%20%24620/700691_92TCG_8563_001_080_0067_Light-Keychain-zip-wallet-removebg-preview_irdcua.png','https://res.cloudinary.com/dca0effsq/image/upload/v1671115471/Purses/4%20Gucci/Card%20Holder/Keychain%20zip%20wallet%20%24620/700691_92TCG_8563_002_080_0067_Light-Keychain-zip-wallet-removebg-preview_frz7hv.png','https://res.cloudinary.com/dca0effsq/image/upload/v1671115455/Purses/4%20Gucci/Card%20Holder/Keychain%20zip%20wallet%20%24620/700691_92TCG_8563_007_080_0067_Light-Keychain-zip-wallet-removebg-preview_hlwtfo.png','Inspired by a \'30s motif, the GG Supreme canvas has come to the fore in different ways throughout the decades. A new silhouette introduced as a part of Gucci Love Parade, the material is crafted into a zip wallet. The style takes on a versatile note with a hook, allowing it to be combined with other items or accessories.','Beige and ebony GG Supreme canvas,Brown leather trim,Gold-toned hardware,Moiré lining,Oval leather tag with Interlocking G,Keychain hook','#776758','4.3\"W x 3.5\"H x .8\"D','GCH002BN','Keychain-zip-wallet58','0','New Arrivals','0',100,38,0),(60,230,430,NULL,'https://res.cloudinary.com/dca0effsq/image/upload/v1671115463/Purses/4%20Gucci/Card%20Holder/Ophidia%20jumbo%20GG%20key%20case%20%24430/671722_UKMBG_2572_001_080_0000_Light-Ophidia-jumbo-GG-key-case-removebg-preview_zuuhxy.png','https://res.cloudinary.com/dca0effsq/image/upload/v1671115456/Purses/4%20Gucci/Card%20Holder/Ophidia%20jumbo%20GG%20key%20case%20%24430/671722_UKMBG_2572_002_080_0000_Light-Ophidia-jumbo-GG-key-case-removebg-preview_guynbd.png','https://res.cloudinary.com/dca0effsq/image/upload/v1671115462/Purses/4%20Gucci/Card%20Holder/Ophidia%20jumbo%20GG%20key%20case%20%24430/671722_UKMBG_2572_009_080_0000_Light-Ophidia-jumbo-GG-key-case-removebg-preview_tskj7f.png','The GG motif first appeared in the House\'s collections at the end of the \'60s. Since then, the monogram pattern has been reimagined for over six decades. First appearing in Gucci Aria, the jumbo version of the logo returns to the fore of Gucci Love Parade. This Ophidia key case combines the maxi motif with Double G hardware.','Camel and ebony jumbo GG canvas,Brown leather trim,Gold-toned hardware,Cotton linen lining,Double G,Metal key hook','#BB9A81','4.9\"W x 2.8\"H x .6\"D','GCH003BN','Ophidia-jumbo-GG-key-case59','0','0',NULL,100,39,0),(61,1600,1800,NULL,'https://res.cloudinary.com/dca0effsq/image/upload/v1671115471/Purses/4%20Gucci/Chain%20and%20Strap%20Wallet/Dionysus%20mini%20leather%20chain%20wallet%20%241800/BLACK/401231_CAOGN_8176_001_100_0019_Light-Dionysus-mini-leather-chain-wallet-removebg-preview_xjef1b.png','https://res.cloudinary.com/dca0effsq/image/upload/v1671115464/Purses/4%20Gucci/Chain%20and%20Strap%20Wallet/Dionysus%20mini%20leather%20chain%20wallet%20%241800/BLACK/401231_CAOGN_8176_002_100_0019_Light-Dionysus-mini-leather-chain-wallet-removebg-preview_naruxt.png','https://res.cloudinary.com/dca0effsq/image/upload/v1671115463/Purses/4%20Gucci/Chain%20and%20Strap%20Wallet/Dionysus%20mini%20leather%20chain%20wallet%20%241800/BLACK/401231_CAOGN_8176_003_100_0019_Light-Dionysus-mini-leather-chain-wallet-removebg-preview_pg3lbl.png','A structured leather chain mini bag or wallet with textured tiger head spur closure-a unique detail referencing the Greek god Dionysus, who in myth is said to have crossed the river Tigris on a tiger sent to him by Zeus. The tiger head closure is enriched with Swarovski crystal stones. Made in resistant textured leather.','Antique silver-toned hardware,Tiger head spur,Hand-painted edges,Hand-stitched details,16 card slots and two bill compartments,Three separate interior compartments,Zip coin pocket,Chain shoulder strap with 60cm drop','#1F1E23','8\"W x 5\"H x 2.3\"D','GCASW001BK','Dionysus-mini-leather-chain-wallet60','0','New Arrivals','0',100,40,0),(62,1600,1800,NULL,'https://res.cloudinary.com/dca0effsq/image/upload/v1671115473/Purses/4%20Gucci/Chain%20and%20Strap%20Wallet/Dionysus%20mini%20leather%20chain%20wallet%20%241800/RED/401231_CAOGX_8990_001_100_0028_Light-Dionysus-mini-leather-chain-wallet-removebg-preview_dd3msq.png','https://res.cloudinary.com/dca0effsq/image/upload/v1671115470/Purses/4%20Gucci/Chain%20and%20Strap%20Wallet/Dionysus%20mini%20leather%20chain%20wallet%20%241800/RED/401231_CAOGX_8990_002_100_0028_Light-Dionysus-mini-leather-chain-wallet-removebg-preview_b3goph.png','https://res.cloudinary.com/dca0effsq/image/upload/v1671115469/Purses/4%20Gucci/Chain%20and%20Strap%20Wallet/Dionysus%20mini%20leather%20chain%20wallet%20%241800/RED/401231_CAOGX_8990_003_100_0028_Light-Dionysus-mini-leather-chain-wallet-removebg-preview_anlw2y.png','A structured leather chain mini bag or wallet with textured tiger head spur closure-a unique detail referencing the Greek god Dionysus, who in myth is said to have crossed the river Tigris on a tiger sent to him by Zeus. The tiger head closure is enriched with Swarovski crystal stones. Made in resistant textured leather.','Antique silver-toned hardware,Tiger head spur,Hand-painted edges,Hand-stitched details,16 card slots and two bill compartments,Three separate interior compartments,Zip coin pocket,Chain shoulder strap with 60cm drop','#C93545','8\"W x 5\"H x 2.3\"D','GCASW001R','Dionysus-mini-leather-chain-wallet61','0','0','0',100,40,0),(63,1600,1800,NULL,'https://res.cloudinary.com/dca0effsq/image/upload/v1671115466/Purses/4%20Gucci/Chain%20and%20Strap%20Wallet/GG%20Marmont%20matelass%C3%A9%20mini%20bag%20%241800/474575_DTD1T_1000_001_100_0025_Light-GG-Marmont-matelass-mini-bag-removebg-preview_dxne1p.png','https://res.cloudinary.com/dca0effsq/image/upload/v1671115471/Purses/4%20Gucci/Chain%20and%20Strap%20Wallet/GG%20Marmont%20matelass%C3%A9%20mini%20bag%20%241800/474575_DTD1T_1000_002_100_0025_Light-GG-Marmont-matelass-mini-bag-removebg-preview_bata1b.png','https://res.cloudinary.com/dca0effsq/image/upload/v1671115464/Purses/4%20Gucci/Chain%20and%20Strap%20Wallet/GG%20Marmont%20matelass%C3%A9%20mini%20bag%20%241800/474575_DTD1T_1000_003_100_0025_Light-GG-Marmont-matelass-mini-bag-removebg-preview_zxlmmx.png','The GG Marmont chain mini bag has a softly structured shape and a flap closure with Double G hardware. The hardware is inspired by an archival design from the \'70s. Made in matelassé chevron leather.','Antique gold-toned hardware,Double G,16 card slots and two bill compartments,Three separate interior compartments,Zip coin pocket,Removable chain shoulder strap with 24\"','#0E0F10','8\"W x 5\"H x 2.5\"D','GCASW002BK','GG-Marmont-matelassé-mini-bag62','0','New Arrivals','0',100,41,0),(64,950,1150,NULL,'https://res.cloudinary.com/dca0effsq/image/upload/v1671115472/Purses/4%20Gucci/Chain%20and%20Strap%20Wallet/Gucci%20Blondie%20mini%20bag%20%241550/698630_K9GSG_8358_001_100_0067_Light-Gucci-Blondie-mini-bag-removebg-preview_g8fitb.png','https://res.cloudinary.com/dca0effsq/image/upload/v1671115467/Purses/4%20Gucci/Chain%20and%20Strap%20Wallet/Gucci%20Blondie%20mini%20bag%20%241550/698630_K9GSG_8358_009_100_0067_Light-Gucci-Blondie-mini-bag-removebg-preview_mpi84b.png','https://res.cloudinary.com/dca0effsq/image/upload/v1671115450/Purses/4%20Gucci/Chain%20and%20Strap%20Wallet/Gucci%20Blondie%20mini%20bag%20%241550/698630_K9GSG_8358_010_100_0067_Light-Gucci-Blondie-mini-bag-removebg-preview_mjgxqk.png','Coming from the House\'s archives, a geometrically shaped version of the Interlocking G logo continues to enrich the latest selection of small leather goods. The gold-toned hardware adds a refined vintage feel to this GG Supreme mini bag, enriching the design with a timeless feel.','Gold-toned hardware,Round Interlocking G,Inside: 8 card slots, 1 zipper pocket, internal mirror, adjustable handle and 2 additional internal pocket,Detachable wrist strap with 5.1\" drop','#75665F','8.7\"W x 5.1\"H x 2\"D','GCASW003BN','Gucci-Blondie-mini-bag63','0','0',NULL,100,42,0),(65,640,840,NULL,'https://res.cloudinary.com/dca0effsq/image/upload/v1671115457/Purses/4%20Gucci/Long%20Wallet/GG%20Marmont%20continental%20wallet%20%24840/443436_DTD1T_1000_001_100_0000_Light-GG-Marmont-continental-wallet-removebg-preview_u8v3gj.png','https://res.cloudinary.com/dca0effsq/image/upload/v1671115458/Purses/4%20Gucci/Long%20Wallet/GG%20Marmont%20continental%20wallet%20%24840/443436_DTD1T_1000_003_100_0000_Light-GG-Marmont-continental-wallet-removebg-preview_rrnrsf.png','https://res.cloudinary.com/dca0effsq/image/upload/v1671115468/Purses/4%20Gucci/Long%20Wallet/GG%20Marmont%20continental%20wallet%20%24840/443436_DTD1T_1000_002_100_0000_Light-GG-Marmont-continental-wallet-removebg-preview_ehqvmg.png','The GG Marmont collection is defined by the emblematic Double G hardware—a contemporary take on a Gucci archival belt buckle from the \'70s that has become a hallmark of the House. The continental wallet is crafted in soft matelassé leather that coordinates with bags of the collection.','12 card slots and two bill compartments,Two separate interior compartments,Zip coin pocket,Snap closure','#060606','7.5\"W x 7\"HClosed: 7.5\"W x 4\"H x 1.5\"D','GLW001BK','GG-Marmont-continenta-wallet64','0','New Arrivals','',100,43,0),(66,900,1100,NULL,'https://res.cloudinary.com/dca0effsq/image/upload/v1671115470/Purses/4%20Gucci/Long%20Wallet/Jackie%201961%20chain%20wallet%20%241100/652681_HUHHG_8565_001_100_0021_Light-Jackie-1961-chain-wallet-removebg-preview_szmgkd.png','https://res.cloudinary.com/dca0effsq/image/upload/v1671115474/Purses/4%20Gucci/Long%20Wallet/Jackie%201961%20chain%20wallet%20%241100/652681_HUHHG_8565_002_100_0021_Light-Jackie-1961-chain-wallet-removebg-preview_euwdvu.png','https://res.cloudinary.com/dca0effsq/image/upload/v1671115464/Purses/4%20Gucci/Long%20Wallet/Jackie%201961%20chain%20wallet%20%241100/652681_HUHHG_8565_004_100_0021_Light-Jackie-1961-chain-wallet-removebg-preview_wgbzqv.png','The world of Jackie 1961 evolves with the introduction of a continental wallet with delicate chain strap allowing it to be worn as a mini bag. The gold-toned piston detail pays homage to the original bag. Here, the accessory is presented in the House\'s monogram canvas.','Gold-toned hardware,Green and red Web,Viscose lining,Piston detail,12 card slots and two bill compartments, two separate interior compartments and zip coin pocket','#CE9449',' 11.4\"W x 7\"H, Closed: 7,4\"W x 4\"H x 1.3\"D','GLW002BN','Jackie-1961-chain-wallet65','0','0','',100,44,0),(67,950,1150,NULL,'https://res.cloudinary.com/dca0effsq/image/upload/v1671115459/Purses/4%20Gucci/Long%20Wallet/Jackie%201961%20chain%20wallet%20%241150/BLACK/652681_14J0G_1000_001_100_0021_Light-Jackie-1961-chain-wallet-removebg-preview_ex4p98.png','https://res.cloudinary.com/dca0effsq/image/upload/v1671115462/Purses/4%20Gucci/Long%20Wallet/Jackie%201961%20chain%20wallet%20%241150/BLACK/652681_14J0G_1000_003_100_0021_Light-Jackie-1961-chain-wallet-removebg-preview_fzbgk8.png','https://res.cloudinary.com/dca0effsq/image/upload/v1671115468/Purses/4%20Gucci/Long%20Wallet/Jackie%201961%20chain%20wallet%20%241150/BLACK/652681_14J0G_1000_002_100_0021_Light-Jackie-1961-chain-wallet-removebg-preview_d8jgmd.png','The world of Jackie 1961 evolves with the introduction of a continental wallet with delicate chain strap allowing it to be worn as a mini bag. The gold-toned piston detail pays homage to the original bag. Here, the accessory is presented in black leather.','Gold-toned hardware,Viscose lining,Piston detail,12 card slots and two bill compartments, two separate interior compartments and zip coin pocket','#262626','11.4\"W x 7\"H, Closed: 7,4\"W x 4\"H x 1.3\"D','GLW003BK','Jackie-1961-chain-wallet66','0','New Arrivals','',100,45,0),(68,950,1150,NULL,'https://res.cloudinary.com/dca0effsq/image/upload/v1671115458/Purses/4%20Gucci/Long%20Wallet/Jackie%201961%20chain%20wallet%20%241150/WHITE/652681_14J0G_9022_001_100_0019_Light-Jackie-1961-chain-wallet-removebg-preview_ntedvy.png','https://res.cloudinary.com/dca0effsq/image/upload/v1671115466/Purses/4%20Gucci/Long%20Wallet/Jackie%201961%20chain%20wallet%20%241150/WHITE/652681_14J0G_9022_002_100_0019_Light-Jackie-1961-chain-wallet-removebg-preview_zpwpok.png','https://res.cloudinary.com/dca0effsq/image/upload/v1671115451/Purses/4%20Gucci/Long%20Wallet/Jackie%201961%20chain%20wallet%20%241150/WHITE/652681_14J0G_9022_004_100_0019_Light-Jackie-1961-chain-wallet-removebg-preview_o8u8hs.png','The world of Jackie 1961 evolves with the introduction of a continental wallet with delicate chain strap allowing it to be worn as a mini bag. The gold-toned piston detail pays homage to the original bag. Here, the accessory is presented in black leather.','Gold-toned hardware,Viscose lining,Piston detail,12 card slots and two bill compartments, two separate interior compartments and zip coin pocket','#F2F5F7','11.4\"W x 7\"H, Closed: 7,4\"W x 4\"H x 1.3\"D','GLW003W','Jackie-1961-chain-wallet67','0','0','',100,45,0),(69,420,620,NULL,'https://res.cloudinary.com/dca0effsq/image/upload/v1671115457/Purses/4%20Gucci/Small%20Wallet/GG%20Matelass%C3%A9%20card%20case%20wallet%20%24620/723786_UM8IG_1000_001_080_0000_Light-GG-Matelass-card-case-wallet-removebg-preview_iudt6q.png','https://res.cloudinary.com/dca0effsq/image/upload/v1671115466/Purses/4%20Gucci/Small%20Wallet/GG%20Matelass%C3%A9%20card%20case%20wallet%20%24620/723786_UM8IG_1000_002_080_0000_Light-GG-Matelass-card-case-wallet-removebg-preview_yehq1q.png','https://res.cloudinary.com/dca0effsq/image/upload/v1671115465/Purses/4%20Gucci/Small%20Wallet/GG%20Matelass%C3%A9%20card%20case%20wallet%20%24620/723786_UM8IG_1000_013_080_0000_Light-GG-Matelass-card-case-wallet-removebg-preview_afqrmh.png','Matelassé leather continues to come to the fore of the Creative Director\'s designs in unique ways each season. With a super soft finish, the signature material is reimagined with a textured geometric motif as a part of the small leather accessories line. The design presents a contemporary approach to the \'90s logo trend, here it defines a black card case wallet.','Gold-toned hardware,Double G,Inside: 5 card slots, open pocket and zipper pocket,Snap-button closure','#242326','4.3\"W x 6.9\"H','GSW001BK','GG-Matelassé-card-case-wallet68','0','New Arrivals','0',100,46,0),(70,1000,1200,NULL,'https://res.cloudinary.com/dca0effsq/image/upload/v1671115473/Purses/4%20Gucci/Small%20Wallet/Gucci%20Horsebit%201955%20python%20wallet%20%241200/621887_LU3XG_2535_001_080_0000_Light-Gucci-Horsebit-1955-python-wallet-removebg-preview_jdbkxi.png','https://res.cloudinary.com/dca0effsq/image/upload/v1671115471/Purses/4%20Gucci/Small%20Wallet/Gucci%20Horsebit%201955%20python%20wallet%20%241200/621887_LU3XG_2535_006_080_0000_Light-Gucci-Horsebit-1955-python-wallet-removebg-preview_eeaion.png','https://res.cloudinary.com/dca0effsq/image/upload/v1671115474/Purses/4%20Gucci/Small%20Wallet/Gucci%20Horsebit%201955%20python%20wallet%20%241200/621887_LU3XG_2535_005_080_0000_Light-Gucci-Horsebit-1955-python-wallet-removebg-preview_cmvstm.png','Introduced within the Gucci Horsebit 1955 accessories collection, this wallet is presented in brown python. The line is defined by the same double bar and ring design that is found within handbags—a detail that is part of Gucci\'s genetic code and established as one of the most distinctive elements among the House symbols borrowed from the equestrian world.','Gold-toned hardware,Viscose lining,Horsebit detail,Five cards slots,Interior open pocket,Interior zipper pocket,Snap button closure','#995532','4.3\"W x 6.9\"H','GSW002BN','Gucci-Horsebit-1955-python-wallet69','0','0',NULL,100,47,0),(71,450,650,NULL,'https://res.cloudinary.com/dca0effsq/image/upload/v1671115465/Purses/4%20Gucci/Small%20Wallet/Gucci%20Horsebit%201955%20wallet%20%24650/644462_92TCG_8563_001_080_0000_Light-Gucci-Horsebit-1955-wallet-removebg-preview_gzhasu.png','https://res.cloudinary.com/dca0effsq/image/upload/v1671115474/Purses/4%20Gucci/Small%20Wallet/Gucci%20Horsebit%201955%20wallet%20%24650/644462_92TCG_8563_005_080_0000_Light-Gucci-Horsebit-1955-wallet-removebg-preview_fyzfkc.png','https://res.cloudinary.com/dca0effsq/image/upload/v1671115474/Purses/4%20Gucci/Small%20Wallet/Gucci%20Horsebit%201955%20wallet%20%24650/644462_92TCG_8563_006_080_0000_Light-Gucci-Horsebit-1955-wallet-removebg-preview_fydptr.png','Presenting fashion as everlasting rather than seasonal, elements synonymous with the House are highlighted throughout the Epilogue collection. The Gucci Horsebit 1955 wallet combines the House\'s monogram canvas with a symbol from its equestrian past, drawing two elements of the brand\'s roots together. The style is completed with brown leather details that draw attention to the Horsebit detail.','Beige and ebony GG Supreme canvas,Brown leather details,Gold-toned hardware,Viscose lining,Interior: 1 bill compartment; 2 card slots and 1 coin case with snap button','#A79684','7.9\"W x 4.1\"H','GSW003BN','Gucci-Horsebit-1955-wallet70','0','New Arrivals','0',100,48,0),(73,300,550,0,'https://res.cloudinary.com/dca0effsq/image/upload/v1672973130/Purse/Chanel%20card_holder/IMG/9516418695198-removebg-preview_lyp69v.png','https://res.cloudinary.com/dca0effsq/image/upload/v1672973130/Purse/Chanel%20card_holder/IMG/9516418400286-removebg-preview_ivm9bd.png','https://res.cloudinary.com/dca0effsq/image/upload/v1672973130/Purse/Chanel%20card_holder/IMG/9516425969694-removebg-preview_yds2gg.png','Card Holders of the Reorders collection: Classic Card Holder, grained calfskin & gold-tone metal, black','Grained Calfskin, Enamel & Gold-Tone Metal','#000000','2.9 × 4.4 × 0.8 in (cm)','CSH51B','flap-card-holder-000000','0','New Arrivals','0',10,50,0);
/*!40000 ALTER TABLE `product_details` ENABLE KEYS */;
UNLOCK TABLES;

--
-- Table structure for table `product_reviews`
--

DROP TABLE IF EXISTS `product_reviews`;
/*!40101 SET @saved_cs_client     = @@character_set_client */;
/*!50503 SET character_set_client = utf8mb4 */;
CREATE TABLE `product_reviews` (
  `ID` int(11) NOT NULL AUTO_INCREMENT,
  `Customer_ID` int(11) NOT NULL,
  `Product_Detail_ID` int(11) NOT NULL,
  `Review` text,
  `updated_at` timestamp(6) NULL DEFAULT NULL,
  `created_at` timestamp(6) NULL DEFAULT NULL,
  PRIMARY KEY (`ID`),
  KEY `Product_Detail_IDD_idx` (`Product_Detail_ID`),
  CONSTRAINT `Product_Detail_IDD` FOREIGN KEY (`Product_Detail_ID`) REFERENCES `product_details` (`ID`)
) ENGINE=InnoDB DEFAULT CHARSET=utf8mb4 COLLATE=utf8mb4_unicode_ci;
/*!40101 SET character_set_client = @saved_cs_client */;

--
-- Dumping data for table `product_reviews`
--

LOCK TABLES `product_reviews` WRITE;
/*!40000 ALTER TABLE `product_reviews` DISABLE KEYS */;
/*!40000 ALTER TABLE `product_reviews` ENABLE KEYS */;
UNLOCK TABLES;

--
-- Table structure for table `products`
--

DROP TABLE IF EXISTS `products`;
/*!40101 SET @saved_cs_client     = @@character_set_client */;
/*!50503 SET character_set_client = utf8mb4 */;
CREATE TABLE `products` (
  `ID` int(11) NOT NULL AUTO_INCREMENT,
  `Name` text,
  `IMG` text,
  `Code` varchar(50) DEFAULT NULL,
  `Category_ID` int(11) NOT NULL,
  `Slug` varchar(45) DEFAULT NULL,
  `Brand_ID` int(11) NOT NULL,
  `updated_at` timestamp(6) NULL DEFAULT NULL,
  `created_at` timestamp(6) NULL DEFAULT NULL,
  PRIMARY KEY (`ID`),
  KEY `BrandID_Fkey_idx` (`Brand_ID`),
  CONSTRAINT `BrandID_Fkey` FOREIGN KEY (`Brand_ID`) REFERENCES `brands` (`ID`)
) ENGINE=InnoDB AUTO_INCREMENT=51 DEFAULT CHARSET=utf8mb4 COLLATE=utf8mb4_unicode_ci;
/*!40101 SET character_set_client = @saved_cs_client */;

--
-- Dumping data for table `products`
--

LOCK TABLES `products` WRITE;
/*!40000 ALTER TABLE `products` DISABLE KEYS */;
INSERT INTO `products` VALUES (1,'CHANEL 19 CARD HOLDER','https://res.cloudinary.com/dca0effsq/image/upload/v1671115414/Purses/1%20Chanel/Cards%20Holder/1/blue/img/New%20folder/8855835639838_er3vuu.png','CCH001',1,'CHANEL-19-CARD-HOLDER',1,NULL,NULL),(2,'CHANEL 19 FLAP CARD HOLDER','https://res.cloudinary.com/dca0effsq/image/upload/v1671115476/Purses/1%20Chanel/Cards%20Holder/2/gray/img/New%20folder/8855850778654_qa5qil.png','CCH002',1,'CHANEL-19-FLAP-CARD-HOLDER',1,NULL,NULL),(3,'Zipped Card Holder','https://res.cloudinary.com/dca0effsq/image/upload/v1671115425/Purses/1%20Chanel/Cards%20Holder/3/img/New%20folder/9516742574110_lfl89n.png','CCH003',1,'Zipped-Card-Holder ',1,NULL,NULL),(4,'CHANEL 19 WALLET ON CHAIN','https://res.cloudinary.com/dca0effsq/image/upload/v1671115480/Purses/1%20Chanel/Chain%20and%20Strap%20Wallets/1/black/img/New%20folder/8857819152414_lvrdf3.png','CCASW001',2,'CHANEL-19-WALLET-ON-CHAIN',1,NULL,NULL),(5,'WALLET ON CHAIN','https://res.cloudinary.com/dca0effsq/image/upload/v1671115477/Purses/1%20Chanel/Chain%20and%20Strap%20Wallets/2/img/New%20folder/8857829703710_wq2oba.png','CCASW002',2,'WALLET-ON-CHAIN',1,NULL,NULL),(6,'CLASSIC WALLET ON CHAIN','https://res.cloudinary.com/dca0effsq/image/upload/v1671115416/Purses/1%20Chanel/Chain%20and%20Strap%20Wallets/3/black/img/New%20folder/8858227441694_hlh9qc.png','CCASW003',2,'CLASSIC-WALLET-ON-CHAIN',1,NULL,NULL),(7,'CLASSIC LONG FLAP WALLET','https://res.cloudinary.com/dca0effsq/image/upload/v1671115434/Purses/1%20Chanel/Long%20Wallet/1/black/img/New%20folder/8853590933534_gov3fc.png','CLW001',3,'CLASSIC-LONG-FLAP-WALLET',1,NULL,NULL),(8,'CLASSIC LONG ZIPPED WALLET','https://res.cloudinary.com/dca0effsq/image/upload/v1671115424/Purses/1%20Chanel/Long%20Wallet/2/img/New%20folder/8853676359710-removebg-preview_brwqal.png','CLW002',3,'CLASSIC-LONG-ZIPPED-WALLET',1,NULL,NULL),(9,'BOY CHANEL Long Flap Wallet','https://res.cloudinary.com/dca0effsq/image/upload/v1671115428/Purses/1%20Chanel/Long%20Wallet/3/img/New%20folder/8856728338462-removebg-preview_j1xh0h.png','CLW003',3,'BOY-CHANEL-Long-Flap-Wallet',1,NULL,NULL),(10,'MESSENGER BAG BOY CHANEL SMALL SIZE','https://res.cloudinary.com/dca0effsq/image/upload/v1671115417/Purses/1%20Chanel/Small%20Wallet/1/green/img/New%20folder/8857826525214-removebg-preview_raqjsp.png','CSW001',4,'MESSENGER-BAG-BOY-CHANEL-SMALL-SIZE',1,NULL,NULL),(11,'Classic Small Flap Wallet ','https://res.cloudinary.com/dca0effsq/image/upload/v1671115421/Purses/1%20Chanel/Small%20Wallet/2/img/New%20folder/8857840058398-removebg-preview_yjkcbs.png','CSW002',4,'Classic-Small-Flap-Wallet ',1,NULL,NULL),(12,'CHANEL 19 SMALL FLAP WALLET','https://res.cloudinary.com/dca0effsq/image/upload/v1671115418/Purses/1%20Chanel/Small%20Wallet/3/img/New%20folder/8857816039454-removebg-preview_poljvj.png','CSW003',4,'CHANEL-19-SMALL-FLAP-WALLET',1,NULL,NULL),(13,'ZIPPED CARD HOLDER','https://res.cloudinary.com/dca0effsq/image/upload/v1671115442/Purses/2%20Dior/Cards%20Holder/1/img/New%20folder/1630925109_2ESBC250VPD_H03E_E01_ZHC-removebg-preview_g8y7wr.png','DCH001',1,'ZIPPED-CARD-HOLDER',2,NULL,NULL),(14,'Black Dior Oblique Galaxy Leather','https://res.cloudinary.com/dca0effsq/image/upload/v1671115476/Purses/2%20Dior/Cards%20Holder/2/img/New%20folder/1642077914_2ESBC110VPD_H03E_E01_ZHC-removebg-preview_yvnxwx.png','DCH002',1,'Black-Dior-Oblique-Galaxy-Leather',2,NULL,NULL),(15,'SADDLE FLAP COMPACT ZIPPED CARD HOLDER','https://res.cloudinary.com/dca0effsq/image/upload/v1671115421/Purses/2%20Dior/Cards%20Holder/3/img/New%20folder/1668084314_S5692CTZQ_M928_E01_ZHC-removebg-preview_xby8ff.png','DCH003',1,'SADDLE-FLAP-COMPACT-ZIPPED-CARD-HOLDER',2,NULL,NULL),(16,'Dior Oblique Jacquard','https://res.cloudinary.com/dca0effsq/image/upload/v1671115430/Purses/2%20Dior/Chain%20and%20Strap%20Wallets/1/img/New%20folder/1631184314_S5614CTZQ_M928_E01_ZHC__1_-removebg-preview_pthvnb.png','DCASW001',2,'Dior-Oblique-Jacquard',2,NULL,NULL),(17,'LONG SADDLE WALLET WITH CHAIN','https://res.cloudinary.com/dca0effsq/image/upload/v1671115463/Purses/2%20Dior/Chain%20and%20Strap%20Wallets/2/img/New%20folder/1608111903_S5614SLLO_M989_E01_ZHC-removebg-preview_jigzqi.png','DCASW002',2,'LONG-SADDLE-WALLET-WITH-CHAIN',2,NULL,NULL),(18,'LONG SADDLE WALLET WITH CHAIN','https://res.cloudinary.com/dca0effsq/image/upload/v1671115422/Purses/2%20Dior/Chain%20and%20Strap%20Wallets/3/img/New%20folder/1631184312_S5614CCEH_M900_E01_ZHC-removebg-preview_w1jcda.png','DCASW003',2,'LONG-SADDLE-WALLET WITH-CHAIN',2,NULL,NULL),(19,'Dior Oblique Jacquard','https://res.cloudinary.com/dca0effsq/image/upload/v1671115422/Purses/2%20Dior/Long%20Wallet/1/img/New%20folder/1642761915_2ESBC252YSE_H03E_E01_ZHC-removebg-preview_sg6ibt.png','DLW001',3,'Dior-Oblique-Jacquard',2,NULL,NULL),(20,'Dior Oblique Galaxy Leathe','https://res.cloudinary.com/dca0effsq/image/upload/v1671115423/Purses/2%20Dior/Long%20Wallet/2/img/New%20folder/1635857924_2ESBC252VPD_H03E_E01_ZHC-removebg-preview_ecjwqu.png','DLW002',3,'Dior-Oblique-Galaxy-Leathe',2,NULL,NULL),(21,'Dior Oblique Jacquard','https://res.cloudinary.com/dca0effsq/image/upload/v1671115433/Purses/2%20Dior/Long%20Wallet/3/img/New%20folder/1631184314_S5614CTZQ_M928_E01_ZHC-removebg-preview_dxugm9.png','DLW003',3,'Dior-Oblique-Jacquard',2,NULL,NULL),(22,'SADDLE LOTUS WALLET','https://res.cloudinary.com/dca0effsq/image/upload/v1671115475/Purses/2%20Dior/Small%20Wallet/1/img/New%20folder/1621449910_S5652CTZQ_M932_E01_ZHC-removebg-preview_cvtbk3.png','DSW001',4,'SADDLE-LOTUS-WALLET',2,NULL,NULL),(23,'30 MONTAIGNE LOTUS WALLET','https://res.cloudinary.com/dca0effsq/image/upload/v1671115477/Purses/2%20Dior/Small%20Wallet/2/img/New%20folder/1651135525_S2057UTZQ_M928_E01_ZHC-removebg-preview_oczxiw.png','DSW002',4,'30-MONTAIGNE-LOTUS-WALLET',2,NULL,NULL),(24,'DIOR CARO COMPACT ZIPPED WALLET','https://res.cloudinary.com/dca0effsq/image/upload/v1671115477/Purses/2%20Dior/Small%20Wallet/3/img/New%20folder/1652435115_S5032UWHC_M08Z_E01_ZHC-removebg-preview_s5ladv.png','DSW003',4,'DIOR-CARO-COMPACT-ZIPPED-WALLET',2,NULL,NULL),(25,'COIN CARD HOLDER','https://res.cloudinary.com/dca0effsq/image/upload/v1671115478/Purses/3%20Louis%20Vuitton/Cards%20Holder/1/black/img/louis-vuitton-coin-card-holder--M30271_PM2_Front_view_chvq0d.webp','LVCH001',1,'COIN-CARD-HOLDER',3,NULL,NULL),(26,'POCKET ORGANIZER','https://res.cloudinary.com/dca0effsq/image/upload/v1671115479/Purses/3%20Louis%20Vuitton/Cards%20Holder/2/black/img/louis-vuitton-pocket-organizer--M30537_PM1_Interior_view_mhqvix.webp','LVCH002',1,'POCKET-ORGANIZER',3,NULL,NULL),(27,'COIN CARD HOLDER','https://res.cloudinary.com/dca0effsq/image/upload/v1671115415/Purses/3%20Louis%20Vuitton/Cards%20Holder/3/gray/img/louis-vuitton-coin-card-holder--M30839_PM2_Front_view_vcox5t.webp','LVCH003',1,'COIN-CARD-HOLDER',3,NULL,NULL),(28,'MINI BOITE CHAPEAU','https://res.cloudinary.com/dca0effsq/image/upload/v1671644027/Purses/3%20Louis%20Vuitton/Chain%20and%20Strap%20Wallets/LVSATW001/Brown/IMG/louis-vuitton-mini-boite-chapeau-monogram-reverse-canvas-wallets-and-small-leather-goods-M68276_PM2__chwhh2.png','LVCASW001',2,'MINI-BOITE-CHAPEAU',3,NULL,NULL),(29,'TOILETRY  POUCH ON CHAIN','https://res.cloudinary.com/dca0effsq/image/upload/v1671115449/Purses/3%20Louis%20Vuitton/Chain%20and%20Strap%20Wallets/2/img/louis-vuitton-toiletry-pouch-on-chain--M81412_PM2_Front_view_gmtuqg.webp','LVCASW002',2,'TOILETRY-POUCH- ON-CHAIN',3,NULL,NULL),(30,'MICRO MÉTIS','https://res.cloudinary.com/dca0effsq/image/upload/v1671115428/Purses/3%20Louis%20Vuitton/Chain%20and%20Strap%20Wallets/3/img/louis-vuitton-micro-m%C3%A9tis--M81267_PM2_Front_view_vngdpl.webp','LVCASW003',2,'MICRO MÉTIS',3,NULL,NULL),(31,'SARAH WALLET','https://res.cloudinary.com/dca0effsq/image/upload/v1671115468/Purses/3%20Louis%20Vuitton/Long%20Wallet/1/pink/img/louis-vuitton-sarah-wallet-damier-ebene-small-leather-goods--N63551_PM2_Front_view_tatk8h.webp','LVLW001',3,'SARAH-WALLET',3,NULL,NULL),(32,'BRAZZA WALLET','https://res.cloudinary.com/dca0effsq/image/upload/v1671115435/Purses/3%20Louis%20Vuitton/Long%20Wallet/2/Blue/img/louis-vuitton-brazza-wallet--M30297_Back_view_mwwvyf.webp','LVLW002',3,'BRAZZA-WALLET',3,NULL,NULL),(33,'ZIPPY WALLET','https://res.cloudinary.com/dca0effsq/image/upload/v1671115435/Purses/3%20Louis%20Vuitton/Long%20Wallet/3/Brown/img/louis-vuitton-zippy-wallet--N41661_PM2_Front_gmgdpv.webp','LVLW003',3,'ZIPPY-WALLET',3,NULL,NULL),(34,'JULIETTE WALLET','https://res.cloudinary.com/dca0effsq/image/upload/v1671115441/Purses/3%20Louis%20Vuitton/Small%20Wallet/1/pink/img/louis-vuitton-juliette-wallet--M80973_PM2_Front_view_ixjnxz.webp','LVSW001',4,'JULIETTE-WALLET',3,NULL,NULL),(35,'IRIS XS WALLET','https://res.cloudinary.com/dca0effsq/image/upload/v1671115443/Purses/3%20Louis%20Vuitton/Small%20Wallet/2/black/img/louis-vuitton-iris-xs-wallet--M67498_PM1_Interior_view_zeizr9.webp','LVSW002',4,'IRIS-XS-WALLET',3,NULL,NULL),(36,'CAPUCINES COMPACT WALLET','https://res.cloudinary.com/dca0effsq/image/upload/v1671115444/Purses/3%20Louis%20Vuitton/Small%20Wallet/3/blue/img/louis-vuitton-capucines-compact-wallet--M63741_PM2_Front_view_kwz8ys.webp','LVSW003',4,'CAPUCINES-COMPACT-WALLET',3,NULL,NULL),(37,'Gucci Blondie card case wallet ','https://res.cloudinary.com/dca0effsq/image/upload/v1671115455/Purses/4%20Gucci/Card%20Holder/Gucci%20Blondie%20card%20case%20wallet%20%241050/BLACK/698635_UXX0G_1000_001_080_0000_Light-Gucci-Blondie-card-case-wallet-removebg-preview_lcocbl.png','GCH001',1,'Gucci-Blondie-card-case-wallet',4,NULL,NULL),(38,'Keychain zip wallet','https://res.cloudinary.com/dca0effsq/image/upload/v1671115462/Purses/4%20Gucci/Card%20Holder/Keychain%20zip%20wallet%20%24620/700691_92TCG_8563_001_080_0067_Light-Keychain-zip-wallet-removebg-preview_irdcua.png','GCH002',1,'Keychain-zip-wallet',4,NULL,NULL),(39,'Ophidia jumbo GG key case','https://res.cloudinary.com/dca0effsq/image/upload/v1671115463/Purses/4%20Gucci/Card%20Holder/Ophidia%20jumbo%20GG%20key%20case%20%24430/671722_UKMBG_2572_001_080_0000_Light-Ophidia-jumbo-GG-key-case-removebg-preview_zuuhxy.png','GCH003',1,'Ophidia-jumbo-GG-key-case',4,NULL,NULL),(40,'Dionysus mini leather chain wallet','https://res.cloudinary.com/dca0effsq/image/upload/v1671115471/Purses/4%20Gucci/Chain%20and%20Strap%20Wallet/Dionysus%20mini%20leather%20chain%20wallet%20%241800/BLACK/401231_CAOGN_8176_001_100_0019_Light-Dionysus-mini-leather-chain-wallet-removebg-preview_xjef1b.png','GCASW001',2,'Dionysus-mini-leather-chain-wallet',4,NULL,NULL),(41,'GG Marmont matelassé mini bag','https://res.cloudinary.com/dca0effsq/image/upload/v1671115466/Purses/4%20Gucci/Chain%20and%20Strap%20Wallet/GG%20Marmont%20matelass%C3%A9%20mini%20bag%20%241800/474575_DTD1T_1000_001_100_0025_Light-GG-Marmont-matelass-mini-bag-removebg-preview_dxne1p.png','GCASW002',2,'GG-Marmont-matelassé-mini-bag',4,NULL,NULL),(42,'Gucci Blondie mini bag','https://res.cloudinary.com/dca0effsq/image/upload/v1671115472/Purses/4%20Gucci/Chain%20and%20Strap%20Wallet/Gucci%20Blondie%20mini%20bag%20%241550/698630_K9GSG_8358_001_100_0067_Light-Gucci-Blondie-mini-bag-removebg-preview_g8fitb.png','GCASW003',2,'Gucci-Blondie-mini-bag',4,NULL,NULL),(43,'GG Marmont continental wallet','https://res.cloudinary.com/dca0effsq/image/upload/v1671115457/Purses/4%20Gucci/Long%20Wallet/GG%20Marmont%20continental%20wallet%20%24840/443436_DTD1T_1000_001_100_0000_Light-GG-Marmont-continental-wallet-removebg-preview_u8v3gj.png','GLW001',3,'GG-Marmont-continenta-wallet',4,NULL,NULL),(44,'Jackie 1961 chain wallet','https://res.cloudinary.com/dca0effsq/image/upload/v1671115470/Purses/4%20Gucci/Long%20Wallet/Jackie%201961%20chain%20wallet%20%241100/652681_HUHHG_8565_001_100_0021_Light-Jackie-1961-chain-wallet-removebg-preview_szmgkd.png','GLW002',3,'Jackie-1961-chain-wallet',4,NULL,NULL),(45,'Jackie 1961 chain wallet ','https://res.cloudinary.com/dca0effsq/image/upload/v1671115459/Purses/4%20Gucci/Long%20Wallet/Jackie%201961%20chain%20wallet%20%241150/BLACK/652681_14J0G_1000_001_100_0021_Light-Jackie-1961-chain-wallet-removebg-preview_ex4p98.png','GLW003',3,'Jackie-1961-chain-wallet',4,NULL,NULL),(46,'GG Matelassé card case wallet','https://res.cloudinary.com/dca0effsq/image/upload/v1671115457/Purses/4%20Gucci/Small%20Wallet/GG%20Matelass%C3%A9%20card%20case%20wallet%20%24620/723786_UM8IG_1000_001_080_0000_Light-GG-Matelass-card-case-wallet-removebg-preview_iudt6q.png','GSW001',4,'GG-Matelassé-card-case-wallet',4,NULL,NULL),(47,'Gucci Horsebit 1955 python wallet','https://res.cloudinary.com/dca0effsq/image/upload/v1671115473/Purses/4%20Gucci/Small%20Wallet/Gucci%20Horsebit%201955%20python%20wallet%20%241200/621887_LU3XG_2535_001_080_0000_Light-Gucci-Horsebit-1955-python-wallet-removebg-preview_jdbkxi.png','GSW002',4,'Gucci-Horsebit-1955-python-wallet',4,NULL,NULL),(48,'Gucci Horsebit 1955 wallet','https://res.cloudinary.com/dca0effsq/image/upload/v1671115465/Purses/4%20Gucci/Small%20Wallet/Gucci%20Horsebit%201955%20wallet%20%24650/644462_92TCG_8563_001_080_0000_Light-Gucci-Horsebit-1955-wallet-removebg-preview_gzhasu.png','GSW003',4,'Gucci-Horsebit-1955-wallet',4,NULL,NULL),(50,'FLAP CARD HOLDER','https://res.cloudinary.com/dca0effsq/image/upload/v1672973130/Purse/Chanel%20card_holder/IMG/9516418695198-removebg-preview_lyp69v.png','CSH50B',1,'flap-card-holder',1,'2023-01-06 07:07:25.000000','2023-01-06 07:07:25.000000');
/*!40000 ALTER TABLE `products` ENABLE KEYS */;
UNLOCK TABLES;

--
-- Table structure for table `shop`
--

DROP TABLE IF EXISTS `shop`;
/*!40101 SET @saved_cs_client     = @@character_set_client */;
/*!50503 SET character_set_client = utf8mb4 */;
CREATE TABLE `shop` (
  `ID` int(11) NOT NULL AUTO_INCREMENT,
  `Name` varchar(100) DEFAULT NULL,
  `Address` text,
  `Tell` varchar(50) DEFAULT NULL,
  `Taxt` text,
  `Email` varchar(100) DEFAULT NULL,
  `updated_at` timestamp(6) NULL DEFAULT NULL,
  `created_at` timestamp(6) NULL DEFAULT NULL,
  PRIMARY KEY (`ID`)
) ENGINE=InnoDB DEFAULT CHARSET=utf8mb4 COLLATE=utf8mb4_unicode_ci;
/*!40101 SET character_set_client = @saved_cs_client */;

--
-- Dumping data for table `shop`
--

LOCK TABLES `shop` WRITE;
/*!40000 ALTER TABLE `shop` DISABLE KEYS */;
/*!40000 ALTER TABLE `shop` ENABLE KEYS */;
UNLOCK TABLES;

--
-- Table structure for table `sliedes`
--

DROP TABLE IF EXISTS `sliedes`;
/*!40101 SET @saved_cs_client     = @@character_set_client */;
/*!50503 SET character_set_client = utf8mb4 */;
CREATE TABLE `sliedes` (
  `ID` int(11) NOT NULL AUTO_INCREMENT,
  `Is_Top_Slide` varchar(20) DEFAULT NULL,
  `Is_Middle_Slide` varchar(20) DEFAULT NULL,
  `IMG` text,
  `Tittle` varchar(100) DEFAULT NULL,
  `Brand_ID` int(11) NOT NULL,
  `updated_at` timestamp(6) NULL DEFAULT NULL,
  `created_at` timestamp(6) NULL DEFAULT NULL,
  PRIMARY KEY (`ID`),
  KEY `Brand_ID_Fkey_idx` (`Brand_ID`),
  KEY `Brand_ID_Frokey_idx` (`Brand_ID`),
  CONSTRAINT `BrandID_FK` FOREIGN KEY (`Brand_ID`) REFERENCES `brands` (`ID`)
) ENGINE=InnoDB AUTO_INCREMENT=13 DEFAULT CHARSET=utf8mb4 COLLATE=utf8mb4_unicode_ci;
/*!40101 SET character_set_client = @saved_cs_client */;

--
-- Dumping data for table `sliedes`
--

LOCK TABLES `sliedes` WRITE;
/*!40000 ALTER TABLE `sliedes` DISABLE KEYS */;
INSERT INTO `sliedes` VALUES (1,'Top Slide','0','https://res.cloudinary.com/dca0effsq/image/upload/v1671217968/Collection/topSlide/Bag-Chanel_xltreu.jpg','Chanel',1,NULL,NULL),(2,'Top Slide','0','https://res.cloudinary.com/dca0effsq/image/upload/v1671217967/Collection/topSlide/222_nkrijo.jpg','Chanel',1,NULL,NULL),(3,'Top Slide','0','https://res.cloudinary.com/dca0effsq/image/upload/v1671217967/Collection/topSlide/33_lpdkwx.jpg','Chanel',1,NULL,NULL),(4,'Top Slide','0','https://res.cloudinary.com/dca0effsq/image/upload/v1671217967/Collection/topSlide/charles-keith-home-s-banner-1920_dcyaoy.jpg','Chanel',1,NULL,NULL),(5,'Top Slide','0','https://res.cloudinary.com/dca0effsq/image/upload/v1671217966/Collection/topSlide/111_ioo04f.jpg','Chanel',1,NULL,NULL),(6,'0','Middle Slide','https://res.cloudinary.com/dca0effsq/image/upload/v1671217967/Collection/middleSlide/W_Fa_Wild_at_Heart_V3_snsyrt.png','Chanel',1,NULL,NULL),(7,'0','Middle Slide','https://res.cloudinary.com/dca0effsq/image/upload/v1671217966/Collection/middleSlide/HeroRegularStandard_GUCCI-GIFT-G_vxbhwr.jpg','Chanel',1,NULL,NULL),(8,'0','Middle Slide','https://res.cloudinary.com/dca0effsq/image/upload/v1671217965/Collection/middleSlide/SS-2020-Bag-Chanel_ac0czq.jpg','Chanel',1,NULL,NULL),(9,'0','Middle Slide','https://res.cloudinary.com/dca0effsq/image/upload/v1671217964/Collection/middleSlide/Chanel-Fashion-Show-Detail-SS-2020_ugcvwi.jpg','Chanel',1,NULL,NULL),(10,'0','Middle Slide','https://res.cloudinary.com/dca0effsq/image/upload/v1671217963/Collection/middleSlide/Chanel-Bag-Womenswear_xzwv8m.jpg','Chanel',1,NULL,NULL),(11,'0','Middle Slide','https://res.cloudinary.com/dca0effsq/image/upload/v1671217962/Collection/middleSlide/Bag-Chanel-Spring-Summer-2020_gvfwkw.jpg','Chanel',1,NULL,NULL),(12,'0','Middle Slide','https://res.cloudinary.com/dca0effsq/image/upload/v1671217962/Collection/middleSlide/Bag-Woman-Chanel-2020_ytusqn.jpg','Chanel',1,NULL,NULL);
/*!40000 ALTER TABLE `sliedes` ENABLE KEYS */;
UNLOCK TABLES;

--
-- Table structure for table `subscriber`
--

DROP TABLE IF EXISTS `subscriber`;
/*!40101 SET @saved_cs_client     = @@character_set_client */;
/*!50503 SET character_set_client = utf8mb4 */;
CREATE TABLE `subscriber` (
  `ID` int(11) NOT NULL AUTO_INCREMENT,
  `email` text,
  PRIMARY KEY (`ID`)
) ENGINE=InnoDB AUTO_INCREMENT=28 DEFAULT CHARSET=utf8mb4 COLLATE=utf8mb4_unicode_ci;
/*!40101 SET character_set_client = @saved_cs_client */;

--
-- Dumping data for table `subscriber`
--

LOCK TABLES `subscriber` WRITE;
/*!40000 ALTER TABLE `subscriber` DISABLE KEYS */;
INSERT INTO `subscriber` VALUES (22,'dung567@gmail.com'),(25,'casanova2490@gmail.com'),(26,'minh.pn.2126@aptechlearning.edu.vn'),(27,'Hai.hd.2111@gmail.com');
/*!40000 ALTER TABLE `subscriber` ENABLE KEYS */;
UNLOCK TABLES;

--
-- Table structure for table `users`
--

DROP TABLE IF EXISTS `users`;
/*!40101 SET @saved_cs_client     = @@character_set_client */;
/*!50503 SET character_set_client = utf8mb4 */;
CREATE TABLE `users` (
  `id` int(11) NOT NULL AUTO_INCREMENT,
  `First_Name` varchar(50) DEFAULT NULL,
  `Last_Name` varchar(50) DEFAULT NULL,
  `Dob` date DEFAULT NULL,
  `Email` varchar(100) DEFAULT NULL,
  `username` varchar(100) DEFAULT NULL,
  `Number_Phone` varchar(50) DEFAULT NULL,
  `password` text,
  `Rank` varchar(50) DEFAULT NULL,
  `Code` text,
  `updated_at` timestamp(6) NULL DEFAULT NULL,
  `created_at` timestamp(6) NULL DEFAULT NULL,
  `Total_Amount_Spent` float DEFAULT NULL,
  `Avatar` text,
  `Has_Discount_Code` text,
  PRIMARY KEY (`id`)
) ENGINE=InnoDB AUTO_INCREMENT=14 DEFAULT CHARSET=utf8mb4 COLLATE=utf8mb4_unicode_ci;
/*!40101 SET character_set_client = @saved_cs_client */;

--
-- Dumping data for table `users`
--

LOCK TABLES `users` WRITE;
/*!40000 ALTER TABLE `users` DISABLE KEYS */;
INSERT INTO `users` VALUES (8,'dung','ngo manh','1999-12-18','dung113412@gmail.com','dunghehe','0396437885','$2y$10$sLHTvcRQM8rFnM6vEik89ema9gu36SDqgIfEVsiZiX3tqmKmlj7Q6','DIAMOND',NULL,'2023-02-27 03:36:00.000000',NULL,12102,'NKdN7-Nguyen Manh Dung _ Student1381268 (1).jpg','Received'),(9,'Lam','DepTrai',NULL,'lam.ft.2676@gmail.com','LamDepTraiBDT',NULL,'$2y$10$Qhb6decMe21uU.xYCgrvb.GcCRPyiuV1nrn4UkNhHYrHlZdhFY9Hi','Normal',NULL,NULL,NULL,NULL,NULL,NULL),(10,'Tran','Anh Khoa',NULL,'khoa.tn.3465@gmail.com','AnhKhoa12',NULL,'$2y$10$aBSb6zv1uNndR7FZOVM7OOkjUQqFDNOdaZzhXqCkm6F4jR9f45mC6','Normal',NULL,NULL,NULL,NULL,NULL,NULL),(11,'Quoc','Khanh',NULL,'Qkhanh456@gmail.com','QuocKhanh29',NULL,'$2y$10$CHFhvk.guN0WpvfSKpJFw.6/6ZCoWzk55zPsYF3hjrkUqXREWp1GS','Normal',NULL,NULL,NULL,NULL,NULL,NULL),(12,'Hoang','Hai',NULL,'Hai.hd.2111@gmail.com','HaiHD2111',NULL,'$2y$10$pmlDlEhKH/Rt.bq2Jw9hDeVeqPlbs1YfSdCE7dVk6AJgvnRrhRq9G','Normal',NULL,'2023-01-07 06:15:53.000000',NULL,NULL,'tNsJW-wallpaperflare.com_wallpaper.jpg',NULL),(13,'lam','oc cac',NULL,'lamoccac123@gmail.com','lamoccac',NULL,'$2y$10$xqL6zxCnmnsTKyfmcyApBOymc/UPsGzfK18zyKw8w5570a4Uc/wd2','Normal',NULL,'2023-03-30 07:16:44.000000',NULL,NULL,'HLREh-Nguyen Manh Dung _ Student1381268 (1).jpg','Received');
/*!40000 ALTER TABLE `users` ENABLE KEYS */;
UNLOCK TABLES;

--
-- Table structure for table `wish_list`
--

DROP TABLE IF EXISTS `wish_list`;
/*!40101 SET @saved_cs_client     = @@character_set_client */;
/*!50503 SET character_set_client = utf8mb4 */;
CREATE TABLE `wish_list` (
  `ID` int(11) NOT NULL AUTO_INCREMENT,
  `Customer_ID` int(11) NOT NULL,
  `Product_Detail_ID` int(11) NOT NULL,
  `updated_at` timestamp(6) NULL DEFAULT NULL,
  `created_at` timestamp(6) NULL DEFAULT NULL,
  PRIMARY KEY (`ID`),
  KEY `CustomerID_FK_idx` (`Customer_ID`),
  KEY `Product_Detail_IDDD_idx` (`Product_Detail_ID`),
  CONSTRAINT `CustomerID_FK` FOREIGN KEY (`Customer_ID`) REFERENCES `users` (`id`),
  CONSTRAINT `Product_Detail_IDDD` FOREIGN KEY (`Product_Detail_ID`) REFERENCES `product_details` (`ID`)
) ENGINE=InnoDB AUTO_INCREMENT=38 DEFAULT CHARSET=utf8mb4 COLLATE=utf8mb4_unicode_ci;
/*!40101 SET character_set_client = @saved_cs_client */;

--
-- Dumping data for table `wish_list`
--

LOCK TABLES `wish_list` WRITE;
/*!40000 ALTER TABLE `wish_list` DISABLE KEYS */;
INSERT INTO `wish_list` VALUES (34,11,17,NULL,'2023-01-07 07:14:38.000000');
/*!40000 ALTER TABLE `wish_list` ENABLE KEYS */;
UNLOCK TABLES;
/*!40103 SET TIME_ZONE=@OLD_TIME_ZONE */;

/*!40101 SET SQL_MODE=@OLD_SQL_MODE */;
/*!40014 SET FOREIGN_KEY_CHECKS=@OLD_FOREIGN_KEY_CHECKS */;
/*!40014 SET UNIQUE_CHECKS=@OLD_UNIQUE_CHECKS */;
/*!40101 SET CHARACTER_SET_CLIENT=@OLD_CHARACTER_SET_CLIENT */;
/*!40101 SET CHARACTER_SET_RESULTS=@OLD_CHARACTER_SET_RESULTS */;
/*!40101 SET COLLATION_CONNECTION=@OLD_COLLATION_CONNECTION */;
/*!40111 SET SQL_NOTES=@OLD_SQL_NOTES */;

-- Dump completed on 2023-03-30 14:23:43
